:020000040100F9
:10000000083A00204D000011FD010011FD01001112
:10001000FD010011FD010011FD010011FD010011A4
:10002000FD010011FD010011FD010011FD01001194
:10003000FD010011FD010011FD010011FD01001184
:1000400000000011008000010080000067485B4B49
:100050007844D0F800C04668C3F808C0326882F31C
:100060008888574A574C96605A6A42F400225A626E
:10007000554ADA60D3F88C2042F4406242F0010223
:10008000C3F88C2000234FF0FF32214641F8232093
:100090000133102BFAD14FF450424C4BFF219A669A
:1000A00001224B4B4B4CC3F89011C3F83021C4F8DC
:1000B00070118068B0F5003F7BD007D8B0F5004FD5
:1000C0000DD0B0F5803F09D0002208E0B0F5802FB8
:1000D00071D0B0F5002FF7D1052200E002224FF0D9
:1000E000FF31C3F86422C3F8701233465C680126FE
:1000F0004FF01009384FDFF8F8E0DFF8F8803200F1
:100100003B461A60320073461A601A6802EA060219
:10011000002AFAD14FF41047304D2B463A461A6068
:1001200007F1A2476FF48018DFF8CCE007F583579A
:100130003B460A461A60734642461A60284DA7F5A8
:100140005E6729462CF07F43B3FBF0F3202B05D9E3
:10015000A3F120034FF0FF320A6008E04FF00102E4
:100160009A406FEA02020A604FF0FF33FFE701F1A5
:100170000401B942EADD1B490B4632001A601A49F4
:100180006408640002220B461A600020002100224D
:1001900000230025002600275FF000085FF000091B
:1001A0005FF0000A5FF0000B5FF0000CBFF34F8FB1
:1001B0002447032293E7042291E700BF00ED00E00B
:1001C00000ED02E080E300E00020FA0500508040EE
:1001D0000090005100A0005118508340686080409A
:1001E0007492005170930051D0ED00E0ECFFFFFFDE
:1001F00018D0854014C0854064A00051FEE700007F
:1002000000000000000000000000000000000000EE
:1002100000000000000000000000000000000000DE
:1002200000000000000000000000000000000000CE
:1002300000000000000000000000000000000000BE
:1002400000000000000000000000000000000000AE
:10025000000000000000000000000000000000009E
:10026000000000000000000000000000000000008E
:10027000000000000000000000000000000000007E
:10028000000000000000000000000000000000006E
:10029000000000000000000000000000000000005E
:1002A000000000000000000000000000000000004E
:1002B000000000000000000000000000000000003E
:1002C000000000000000000000000000000000002E
:1002D000000000000000000000000000000000001E
:1002E000000000000000000000000000000000000E
:1002F00000000000000000000000000000000000FE
:1003000000000000000000000000000000000000ED
:1003100000000000000000000000000000000000DD
:1003200000000000000000000000000000000000CD
:1003300000000000000000000000000000000000BD
:1003400000000000000000000000000000000000AD
:10035000000000000000000000000000000000009D
:10036000000000000000000000000000000000008D
:10037000000000000000000000000000000000007D
:10038000000000000000000000000000000000006D
:10039000000000000000000000000000000000005D
:1003A000000000000000000000000000000000004D
:1003B000000000000000000000000000000000003D
:1003C000000000000000000000000000000000002D
:1003D000000000000000000000000000000000001D
:1003E000000000000000000000000000000000000D
:1003F00000000000000000000000000000000000FD
:1004000000000000000000000000000000000000EC
:1004100000000000000000000000000000000000DC
:1004200000000000000000000000000000000000CC
:1004300000000000000000000000000000000000BC
:1004400000000000000000000000000000000000AC
:10045000000000000000000000000000000000009C
:10046000000000000000000000000000000000008C
:10047000000000000000000000000000000000007C
:10048000000000000000000000000000000000006C
:10049000000000000000000000000000000000005C
:1004A000000000000000000000000000000000004C
:1004B000000000000000000000000000000000003C
:1004C000000000000000000000000000000000002C
:1004D000000000000000000000000000000000001C
:1004E000000000000000000000000000000000000C
:1004F00000000000000000000000000000000000FC
:1005000000000000000000000000000000000000EB
:1005100000000000000000000000000000000000DB
:1005200000000000000000000000000000000000CB
:1005300000000000000000000000000000000000BB
:1005400000000000000000000000000000000000AB
:10055000000000000000000000000000000000009B
:10056000000000000000000000000000000000008B
:10057000000000000000000000000000000000007B
:10058000000000000000000000000000000000006B
:10059000000000000000000000000000000000005B
:1005A000000000000000000000000000000000004B
:1005B000000000000000000000000000000000003B
:1005C000000000000000000000000000000000002B
:1005D000000000000000000000000000000000001B
:1005E000000000000000000000000000000000000B
:1005F00000000000000000000000000000000000FB
:1006000000000000000000000000000000000000EA
:1006100000000000000000000000000000000000DA
:1006200000000000000000000000000000000000CA
:1006300000000000000000000000000000000000BA
:1006400000000000000000000000000000000000AA
:10065000000000000000000000000000000000009A
:10066000000000000000000000000000000000008A
:10067000000000000000000000000000000000007A
:10068000000000000000000000000000000000006A
:10069000000000000000000000000000000000005A
:1006A000000000000000000000000000000000004A
:1006B000000000000000000000000000000000003A
:1006C000000000000000000000000000000000002A
:1006D000000000000000000000000000000000001A
:1006E000000000000000000000000000000000000A
:1006F00000000000000000000000000000000000FA
:1007000000000000000000000000000000000000E9
:1007100000000000000000000000000000000000D9
:1007200000000000000000000000000000000000C9
:1007300000000000000000000000000000000000B9
:1007400000000000000000000000000000000000A9
:100750000000000000000000000000000000000099
:100760000000000000000000000000000000000089
:100770000000000000000000000000000000000079
:100780000000000000000000000000000000000069
:100790000000000000000000000000000000000059
:1007A0000000000000000000000000000000000049
:1007B0000000000000000000000000000000000039
:1007C0000000000000000000000000000000000029
:1007D0000000000000000000000000000000000019
:1007E0000000000000000000000000000000000009
:1007F00000000000000000000000000000000000F9
:1008000000000000000000000000000000000000E8
:1008100000000000000000000000000000000000D8
:1008200000000000000000000000000000000000C8
:1008300000000000000000000000000000000000B8
:1008400000000000000000000000000000000000A8
:100850000000000000000000000000000000000098
:100860000000000000000000000000000000000088
:100870000000000000000000000000000000000078
:100880000000000000000000000000000000000068
:100890000000000000000000000000000000000058
:1008A0000000000000000000000000000000000048
:1008B0000000000000000000000000000000000038
:1008C0000000000000000000000000000000000028
:1008D0000000000000000000000000000000000018
:1008E0000000000000000000000000000000000008
:1008F00000000000000000000000000000000000F8
:1009000000000000000000000000000000000000E7
:1009100000000000000000000000000000000000D7
:1009200000000000000000000000000000000000C7
:1009300000000000000000000000000000000000B7
:1009400000000000000000000000000000000000A7
:100950000000000000000000000000000000000097
:100960000000000000000000000000000000000087
:100970000000000000000000000000000000000077
:100980000000000000000000000000000000000067
:100990000000000000000000000000000000000057
:1009A0000000000000000000000000000000000047
:1009B0000000000000000000000000000000000037
:1009C0000000000000000000000000000000000027
:1009D0000000000000000000000000000000000017
:1009E0000000000000000000000000000000000007
:1009F00000000000000000000000000000000000F7
:100A000000000000000000000000000000000000E6
:100A100000000000000000000000000000000000D6
:100A200000000000000000000000000000000000C6
:100A300000000000000000000000000000000000B6
:100A400000000000000000000000000000000000A6
:100A50000000000000000000000000000000000096
:100A60000000000000000000000000000000000086
:100A70000000000000000000000000000000000076
:100A80000000000000000000000000000000000066
:100A90000000000000000000000000000000000056
:100AA0000000000000000000000000000000000046
:100AB0000000000000000000000000000000000036
:100AC0000000000000000000000000000000000026
:100AD0000000000000000000000000000000000016
:100AE0000000000000000000000000000000000006
:100AF00000000000000000000000000000000000F6
:100B000000000000000000000000000000000000E5
:100B100000000000000000000000000000000000D5
:100B200000000000000000000000000000000000C5
:100B300000000000000000000000000000000000B5
:100B400000000000000000000000000000000000A5
:100B50000000000000000000000000000000000095
:100B60000000000000000000000000000000000085
:100B70000000000000000000000000000000000075
:100B80000000000000000000000000000000000065
:100B90000000000000000000000000000000000055
:100BA0000000000000000000000000000000000045
:100BB0000000000000000000000000000000000035
:100BC0000000000000000000000000000000000025
:100BD0000000000000000000000000000000000015
:100BE0000000000000000000000000000000000005
:100BF00000000000000000000000000000000000F5
:100C000000000000000000000000000000000000E4
:100C100000000000000000000000000000000000D4
:100C200000000000000000000000000000000000C4
:100C300000000000000000000000000000000000B4
:100C400000000000000000000000000000000000A4
:100C50000000000000000000000000000000000094
:100C60000000000000000000000000000000000084
:100C70000000000000000000000000000000000074
:100C80000000000000000000000000000000000064
:100C90000000000000000000000000000000000054
:100CA0000000000000000000000000000000000044
:100CB0000000000000000000000000000000000034
:100CC0000000000000000000000000000000000024
:100CD0000000000000000000000000000000000014
:100CE0000000000000000000000000000000000004
:100CF00000000000000000000000000000000000F4
:100D000000000000000000000000000000000000E3
:100D100000000000000000000000000000000000D3
:100D200000000000000000000000000000000000C3
:100D300000000000000000000000000000000000B3
:100D400000000000000000000000000000000000A3
:100D50000000000000000000000000000000000093
:100D60000000000000000000000000000000000083
:100D70000000000000000000000000000000000073
:100D80000000000000000000000000000000000063
:100D90000000000000000000000000000000000053
:100DA0000000000000000000000000000000000043
:100DB0000000000000000000000000000000000033
:100DC0000000000000000000000000000000000023
:100DD0000000000000000000000000000000000013
:100DE0000000000000000000000000000000000003
:100DF00000000000000000000000000000000000F3
:100E000000000000000000000000000000000000E2
:100E100000000000000000000000000000000000D2
:100E200000000000000000000000000000000000C2
:100E300000000000000000000000000000000000B2
:100E400000000000000000000000000000000000A2
:100E50000000000000000000000000000000000092
:100E60000000000000000000000000000000000082
:100E70000000000000000000000000000000000072
:100E80000000000000000000000000000000000062
:100E90000000000000000000000000000000000052
:100EA0000000000000000000000000000000000042
:100EB0000000000000000000000000000000000032
:100EC0000000000000000000000000000000000022
:100ED0000000000000000000000000000000000012
:100EE0000000000000000000000000000000000002
:100EF00000000000000000000000000000000000F2
:100F000000000000000000000000000000000000E1
:100F100000000000000000000000000000000000D1
:100F200000000000000000000000000000000000C1
:100F300000000000000000000000000000000000B1
:100F400000000000000000000000000000000000A1
:100F50000000000000000000000000000000000091
:100F60000000000000000000000000000000000081
:100F70000000000000000000000000000000000071
:100F80000000000000000000000000000000000061
:100F90000000000000000000000000000000000051
:100FA0000000000000000000000000000000000041
:100FB0000000000000000000000000000000000031
:100FC0000000000000000000000000000000000021
:100FD0000000000000000000000000000000000011
:100FE0000000000000000000000000000000000001
:100FF00000000000000000000000000000000000F1
:1010000000000000000000000000000000000000E0
:1010100000000000000000000000000000000000D0
:1010200000000000000000000000000000000000C0
:1010300000000000000000000000000000000000B0
:1010400000000000000000000000000000000000A0
:101050000000000000000000000000000000000090
:101060000000000000000000000000000000000080
:101070000000000000000000000000000000000070
:101080000000000000000000000000000000000060
:101090000000000000000000000000000000000050
:1010A0000000000000000000000000000000000040
:1010B0000000000000000000000000000000000030
:1010C0000000000000000000000000000000000020
:1010D0000000000000000000000000000000000010
:1010E0000000000000000000000000000000000000
:1010F00000000000000000000000000000000000F0
:1011000000000000000000000000000000000000DF
:1011100000000000000000000000000000000000CF
:1011200000000000000000000000000000000000BF
:1011300000000000000000000000000000000000AF
:10114000000000000000000000000000000000009F
:10115000000000000000000000000000000000008F
:10116000000000000000000000000000000000007F
:10117000000000000000000000000000000000006F
:10118000000000000000000000000000000000005F
:10119000000000000000000000000000000000004F
:1011A000000000000000000000000000000000003F
:1011B000000000000000000000000000000000002F
:1011C000000000000000000000000000000000001F
:1011D000000000000000000000000000000000000F
:1011E00000000000000000000000000000000000FF
:1011F00000000000000000000000000000000000EF
:1012000000000000000000000000000000000000DE
:1012100000000000000000000000000000000000CE
:1012200000000000000000000000000000000000BE
:1012300000000000000000000000000000000000AE
:10124000000000000000000000000000000000009E
:10125000000000000000000000000000000000008E
:10126000000000000000000000000000000000007E
:10127000000000000000000000000000000000006E
:10128000000000000000000000000000000000005E
:10129000000000000000000000000000000000004E
:1012A000000000000000000000000000000000003E
:1012B000000000000000000000000000000000002E
:1012C000000000000000000000000000000000001E
:1012D000000000000000000000000000000000000E
:1012E00000000000000000000000000000000000FE
:1012F00000000000000000000000000000000000EE
:1013000000000000000000000000000000000000DD
:1013100000000000000000000000000000000000CD
:1013200000000000000000000000000000000000BD
:1013300000000000000000000000000000000000AD
:10134000000000000000000000000000000000009D
:10135000000000000000000000000000000000008D
:10136000000000000000000000000000000000007D
:10137000000000000000000000000000000000006D
:10138000000000000000000000000000000000005D
:10139000000000000000000000000000000000004D
:1013A000000000000000000000000000000000003D
:1013B000000000000000000000000000000000002D
:1013C000000000000000000000000000000000001D
:1013D000000000000000000000000000000000000D
:1013E00000000000000000000000000000000000FD
:1013F00000000000000000000000000000000000ED
:1014000000000000000000000000000000000000DC
:1014100000000000000000000000000000000000CC
:1014200000000000000000000000000000000000BC
:1014300000000000000000000000000000000000AC
:10144000000000000000000000000000000000009C
:10145000000000000000000000000000000000008C
:10146000000000000000000000000000000000007C
:10147000000000000000000000000000000000006C
:10148000000000000000000000000000000000005C
:10149000000000000000000000000000000000004C
:1014A000000000000000000000000000000000003C
:1014B000000000000000000000000000000000002C
:1014C000000000000000000000000000000000001C
:1014D000000000000000000000000000000000000C
:1014E00000000000000000000000000000000000FC
:1014F00000000000000000000000000000000000EC
:1015000000000000000000000000000000000000DB
:1015100000000000000000000000000000000000CB
:1015200000000000000000000000000000000000BB
:1015300000000000000000000000000000000000AB
:10154000000000000000000000000000000000009B
:10155000000000000000000000000000000000008B
:10156000000000000000000000000000000000007B
:10157000000000000000000000000000000000006B
:10158000000000000000000000000000000000005B
:10159000000000000000000000000000000000004B
:1015A000000000000000000000000000000000003B
:1015B000000000000000000000000000000000002B
:1015C000000000000000000000000000000000001B
:1015D000000000000000000000000000000000000B
:1015E00000000000000000000000000000000000FB
:1015F00000000000000000000000000000000000EB
:1016000000000000000000000000000000000000DA
:1016100000000000000000000000000000000000CA
:1016200000000000000000000000000000000000BA
:1016300000000000000000000000000000000000AA
:10164000000000000000000000000000000000009A
:10165000000000000000000000000000000000008A
:10166000000000000000000000000000000000007A
:10167000000000000000000000000000000000006A
:10168000000000000000000000000000000000005A
:10169000000000000000000000000000000000004A
:1016A000000000000000000000000000000000003A
:1016B000000000000000000000000000000000002A
:1016C000000000000000000000000000000000001A
:1016D000000000000000000000000000000000000A
:1016E00000000000000000000000000000000000FA
:1016F00000000000000000000000000000000000EA
:1017000000000000000000000000000000000000D9
:1017100000000000000000000000000000000000C9
:1017200000000000000000000000000000000000B9
:1017300000000000000000000000000000000000A9
:101740000000000000000000000000000000000099
:101750000000000000000000000000000000000089
:101760000000000000000000000000000000000079
:101770000000000000000000000000000000000069
:101780000000000000000000000000000000000059
:101790000000000000000000000000000000000049
:1017A0000000000000000000000000000000000039
:1017B0000000000000000000000000000000000029
:1017C0000000000000000000000000000000000019
:1017D0000000000000000000000000000000000009
:1017E00000000000000000000000000000000000F9
:1017F00000000000000000000000000000000000E9
:1018000000000000000000000000000000000000D8
:1018100000000000000000000000000000000000C8
:1018200000000000000000000000000000000000B8
:1018300000000000000000000000000000000000A8
:101840000000000000000000000000000000000098
:101850000000000000000000000000000000000088
:101860000000000000000000000000000000000078
:101870000000000000000000000000000000000068
:101880000000000000000000000000000000000058
:101890000000000000000000000000000000000048
:1018A0000000000000000000000000000000000038
:1018B0000000000000000000000000000000000028
:1018C0000000000000000000000000000000000018
:1018D0000000000000000000000000000000000008
:1018E00000000000000000000000000000000000F8
:1018F00000000000000000000000000000000000E8
:1019000000000000000000000000000000000000D7
:1019100000000000000000000000000000000000C7
:1019200000000000000000000000000000000000B7
:1019300000000000000000000000000000000000A7
:101940000000000000000000000000000000000097
:101950000000000000000000000000000000000087
:101960000000000000000000000000000000000077
:101970000000000000000000000000000000000067
:101980000000000000000000000000000000000057
:101990000000000000000000000000000000000047
:1019A0000000000000000000000000000000000037
:1019B0000000000000000000000000000000000027
:1019C0000000000000000000000000000000000017
:1019D0000000000000000000000000000000000007
:1019E00000000000000000000000000000000000F7
:1019F00000000000000000000000000000000000E7
:101A000000000000000000000000000000000000D6
:101A100000000000000000000000000000000000C6
:101A200000000000000000000000000000000000B6
:101A300000000000000000000000000000000000A6
:101A40000000000000000000000000000000000096
:101A50000000000000000000000000000000000086
:101A60000000000000000000000000000000000076
:101A70000000000000000000000000000000000066
:101A80000000000000000000000000000000000056
:101A90000000000000000000000000000000000046
:101AA0000000000000000000000000000000000036
:101AB0000000000000000000000000000000000026
:101AC0000000000000000000000000000000000016
:101AD0000000000000000000000000000000000006
:101AE00000000000000000000000000000000000F6
:101AF00000000000000000000000000000000000E6
:101B000000000000000000000000000000000000D5
:101B100000000000000000000000000000000000C5
:101B200000000000000000000000000000000000B5
:101B300000000000000000000000000000000000A5
:101B40000000000000000000000000000000000095
:101B50000000000000000000000000000000000085
:101B60000000000000000000000000000000000075
:101B70000000000000000000000000000000000065
:101B80000000000000000000000000000000000055
:101B90000000000000000000000000000000000045
:101BA0000000000000000000000000000000000035
:101BB0000000000000000000000000000000000025
:101BC0000000000000000000000000000000000015
:101BD0000000000000000000000000000000000005
:101BE00000000000000000000000000000000000F5
:101BF00000000000000000000000000000000000E5
:101C000000000000000000000000000000000000D4
:101C100000000000000000000000000000000000C4
:101C200000000000000000000000000000000000B4
:101C300000000000000000000000000000000000A4
:101C40000000000000000000000000000000000094
:101C50000000000000000000000000000000000084
:101C60000000000000000000000000000000000074
:101C70000000000000000000000000000000000064
:101C80000000000000000000000000000000000054
:101C90000000000000000000000000000000000044
:101CA0000000000000000000000000000000000034
:101CB0000000000000000000000000000000000024
:101CC0000000000000000000000000000000000014
:101CD0000000000000000000000000000000000004
:101CE00000000000000000000000000000000000F4
:101CF00000000000000000000000000000000000E4
:101D000000000000000000000000000000000000D3
:101D100000000000000000000000000000000000C3
:101D200000000000000000000000000000000000B3
:101D300000000000000000000000000000000000A3
:101D40000000000000000000000000000000000093
:101D50000000000000000000000000000000000083
:101D60000000000000000000000000000000000073
:101D70000000000000000000000000000000000063
:101D80000000000000000000000000000000000053
:101D90000000000000000000000000000000000043
:101DA0000000000000000000000000000000000033
:101DB0000000000000000000000000000000000023
:101DC0000000000000000000000000000000000013
:101DD0000000000000000000000000000000000003
:101DE00000000000000000000000000000000000F3
:101DF00000000000000000000000000000000000E3
:101E000000000000000000000000000000000000D2
:101E100000000000000000000000000000000000C2
:101E200000000000000000000000000000000000B2
:101E300000000000000000000000000000000000A2
:101E40000000000000000000000000000000000092
:101E50000000000000000000000000000000000082
:101E60000000000000000000000000000000000072
:101E70000000000000000000000000000000000062
:101E80000000000000000000000000000000000052
:101E90000000000000000000000000000000000042
:101EA0000000000000000000000000000000000032
:101EB0000000000000000000000000000000000022
:101EC0000000000000000000000000000000000012
:101ED0000000000000000000000000000000000002
:101EE00000000000000000000000000000000000F2
:101EF00000000000000000000000000000000000E2
:101F000000000000000000000000000000000000D1
:101F100000000000000000000000000000000000C1
:101F200000000000000000000000000000000000B1
:101F300000000000000000000000000000000000A1
:101F40000000000000000000000000000000000091
:101F50000000000000000000000000000000000081
:101F60000000000000000000000000000000000071
:101F70000000000000000000000000000000000061
:101F80000000000000000000000000000000000051
:101F90000000000000000000000000000000000041
:101FA0000000000000000000000000000000000031
:101FB0000000000000000000000000000000000021
:101FC0000000000000000000000000000000000011
:101FD0000000000000000000000000000000000001
:101FE00000000000000000000000000000000000F1
:101FF00000000000000000000000000000000000E1
:1020000000000000000000000000000000000000D0
:1020100000000000000000000000000000000000C0
:1020200000000000000000000000000000000000B0
:1020300000000000000000000000000000000000A0
:102040000000000000000000000000000000000090
:102050000000000000000000000000000000000080
:102060000000000000000000000000000000000070
:102070000000000000000000000000000000000060
:102080000000000000000000000000000000000050
:102090000000000000000000000000000000000040
:1020A0000000000000000000000000000000000030
:1020B0000000000000000000000000000000000020
:1020C0000000000000000000000000000000000010
:1020D0000000000000000000000000000000000000
:1020E00000000000000000000000000000000000F0
:1020F00000000000000000000000000000000000E0
:1021000000000000000000000000000000000000CF
:1021100000000000000000000000000000000000BF
:1021200000000000000000000000000000000000AF
:10213000000000000000000000000000000000009F
:10214000000000000000000000000000000000008F
:10215000000000000000000000000000000000007F
:10216000000000000000000000000000000000006F
:10217000000000000000000000000000000000005F
:10218000000000000000000000000000000000004F
:10219000000000000000000000000000000000003F
:1021A000000000000000000000000000000000002F
:1021B000000000000000000000000000000000001F
:1021C000000000000000000000000000000000000F
:1021D00000000000000000000000000000000000FF
:1021E00000000000000000000000000000000000EF
:1021F00000000000000000000000000000000000DF
:1022000000000000000000000000000000000000CE
:1022100000000000000000000000000000000000BE
:1022200000000000000000000000000000000000AE
:10223000000000000000000000000000000000009E
:10224000000000000000000000000000000000008E
:10225000000000000000000000000000000000007E
:10226000000000000000000000000000000000006E
:10227000000000000000000000000000000000005E
:10228000000000000000000000000000000000004E
:10229000000000000000000000000000000000003E
:1022A000000000000000000000000000000000002E
:1022B000000000000000000000000000000000001E
:1022C000000000000000000000000000000000000E
:1022D00000000000000000000000000000000000FE
:1022E00000000000000000000000000000000000EE
:1022F00000000000000000000000000000000000DE
:1023000000000000000000000000000000000000CD
:1023100000000000000000000000000000000000BD
:1023200000000000000000000000000000000000AD
:10233000000000000000000000000000000000009D
:10234000000000000000000000000000000000008D
:10235000000000000000000000000000000000007D
:10236000000000000000000000000000000000006D
:10237000000000000000000000000000000000005D
:10238000000000000000000000000000000000004D
:10239000000000000000000000000000000000003D
:1023A000000000000000000000000000000000002D
:1023B000000000000000000000000000000000001D
:1023C000000000000000000000000000000000000D
:1023D00000000000000000000000000000000000FD
:1023E00000000000000000000000000000000000ED
:1023F00000000000000000000000000000000000DD
:1024000000000000000000000000000000000000CC
:1024100000000000000000000000000000000000BC
:1024200000000000000000000000000000000000AC
:10243000000000000000000000000000000000009C
:10244000000000000000000000000000000000008C
:10245000000000000000000000000000000000007C
:10246000000000000000000000000000000000006C
:10247000000000000000000000000000000000005C
:10248000000000000000000000000000000000004C
:10249000000000000000000000000000000000003C
:1024A000000000000000000000000000000000002C
:1024B000000000000000000000000000000000001C
:1024C000000000000000000000000000000000000C
:1024D00000000000000000000000000000000000FC
:1024E00000000000000000000000000000000000EC
:1024F00000000000000000000000000000000000DC
:1025000000000000000000000000000000000000CB
:1025100000000000000000000000000000000000BB
:1025200000000000000000000000000000000000AB
:10253000000000000000000000000000000000009B
:10254000000000000000000000000000000000008B
:10255000000000000000000000000000000000007B
:10256000000000000000000000000000000000006B
:10257000000000000000000000000000000000005B
:10258000000000000000000000000000000000004B
:10259000000000000000000000000000000000003B
:1025A000000000000000000000000000000000002B
:1025B000000000000000000000000000000000001B
:1025C000000000000000000000000000000000000B
:1025D00000000000000000000000000000000000FB
:1025E00000000000000000000000000000000000EB
:1025F00000000000000000000000000000000000DB
:1026000000000000000000000000000000000000CA
:1026100000000000000000000000000000000000BA
:1026200000000000000000000000000000000000AA
:10263000000000000000000000000000000000009A
:10264000000000000000000000000000000000008A
:10265000000000000000000000000000000000007A
:10266000000000000000000000000000000000006A
:10267000000000000000000000000000000000005A
:10268000000000000000000000000000000000004A
:10269000000000000000000000000000000000003A
:1026A000000000000000000000000000000000002A
:1026B000000000000000000000000000000000001A
:1026C000000000000000000000000000000000000A
:1026D00000000000000000000000000000000000FA
:1026E00000000000000000000000000000000000EA
:1026F00000000000000000000000000000000000DA
:1027000000000000000000000000000000000000C9
:1027100000000000000000000000000000000000B9
:1027200000000000000000000000000000000000A9
:102730000000000000000000000000000000000099
:102740000000000000000000000000000000000089
:102750000000000000000000000000000000000079
:102760000000000000000000000000000000000069
:102770000000000000000000000000000000000059
:102780000000000000000000000000000000000049
:102790000000000000000000000000000000000039
:1027A0000000000000000000000000000000000029
:1027B0000000000000000000000000000000000019
:1027C0000000000000000000000000000000000009
:1027D00000000000000000000000000000000000F9
:1027E00000000000000000000000000000000000E9
:1027F00000000000000000000000000000000000D9
:1028000000000000000000000000000000000000C8
:1028100000000000000000000000000000000000B8
:1028200000000000000000000000000000000000A8
:102830000000000000000000000000000000000098
:102840000000000000000000000000000000000088
:102850000000000000000000000000000000000078
:102860000000000000000000000000000000000068
:102870000000000000000000000000000000000058
:102880000000000000000000000000000000000048
:102890000000000000000000000000000000000038
:1028A0000000000000000000000000000000000028
:1028B0000000000000000000000000000000000018
:1028C0000000000000000000000000000000000008
:1028D00000000000000000000000000000000000F8
:1028E00000000000000000000000000000000000E8
:1028F00000000000000000000000000000000000D8
:1029000000000000000000000000000000000000C7
:1029100000000000000000000000000000000000B7
:1029200000000000000000000000000000000000A7
:102930000000000000000000000000000000000097
:102940000000000000000000000000000000000087
:102950000000000000000000000000000000000077
:102960000000000000000000000000000000000067
:102970000000000000000000000000000000000057
:102980000000000000000000000000000000000047
:102990000000000000000000000000000000000037
:1029A0000000000000000000000000000000000027
:1029B0000000000000000000000000000000000017
:1029C0000000000000000000000000000000000007
:1029D00000000000000000000000000000000000F7
:1029E00000000000000000000000000000000000E7
:1029F00000000000000000000000000000000000D7
:102A000000000000000000000000000000000000C6
:102A100000000000000000000000000000000000B6
:102A200000000000000000000000000000000000A6
:102A30000000000000000000000000000000000096
:102A40000000000000000000000000000000000086
:102A50000000000000000000000000000000000076
:102A60000000000000000000000000000000000066
:102A70000000000000000000000000000000000056
:102A80000000000000000000000000000000000046
:102A90000000000000000000000000000000000036
:102AA0000000000000000000000000000000000026
:102AB0000000000000000000000000000000000016
:102AC0000000000000000000000000000000000006
:102AD00000000000000000000000000000000000F6
:102AE00000000000000000000000000000000000E6
:102AF00000000000000000000000000000000000D6
:102B000000000000000000000000000000000000C5
:102B100000000000000000000000000000000000B5
:102B200000000000000000000000000000000000A5
:102B30000000000000000000000000000000000095
:102B40000000000000000000000000000000000085
:102B50000000000000000000000000000000000075
:102B60000000000000000000000000000000000065
:102B70000000000000000000000000000000000055
:102B80000000000000000000000000000000000045
:102B90000000000000000000000000000000000035
:102BA0000000000000000000000000000000000025
:102BB0000000000000000000000000000000000015
:102BC0000000000000000000000000000000000005
:102BD00000000000000000000000000000000000F5
:102BE00000000000000000000000000000000000E5
:102BF00000000000000000000000000000000000D5
:102C000000000000000000000000000000000000C4
:102C100000000000000000000000000000000000B4
:102C200000000000000000000000000000000000A4
:102C30000000000000000000000000000000000094
:102C40000000000000000000000000000000000084
:102C50000000000000000000000000000000000074
:102C60000000000000000000000000000000000064
:102C70000000000000000000000000000000000054
:102C80000000000000000000000000000000000044
:102C90000000000000000000000000000000000034
:102CA0000000000000000000000000000000000024
:102CB0000000000000000000000000000000000014
:102CC0000000000000000000000000000000000004
:102CD00000000000000000000000000000000000F4
:102CE00000000000000000000000000000000000E4
:102CF00000000000000000000000000000000000D4
:102D000000000000000000000000000000000000C3
:102D100000000000000000000000000000000000B3
:102D200000000000000000000000000000000000A3
:102D30000000000000000000000000000000000093
:102D40000000000000000000000000000000000083
:102D50000000000000000000000000000000000073
:102D60000000000000000000000000000000000063
:102D70000000000000000000000000000000000053
:102D80000000000000000000000000000000000043
:102D90000000000000000000000000000000000033
:102DA0000000000000000000000000000000000023
:102DB0000000000000000000000000000000000013
:102DC0000000000000000000000000000000000003
:102DD00000000000000000000000000000000000F3
:102DE00000000000000000000000000000000000E3
:102DF00000000000000000000000000000000000D3
:102E000000000000000000000000000000000000C2
:102E100000000000000000000000000000000000B2
:102E200000000000000000000000000000000000A2
:102E30000000000000000000000000000000000092
:102E40000000000000000000000000000000000082
:102E50000000000000000000000000000000000072
:102E60000000000000000000000000000000000062
:102E70000000000000000000000000000000000052
:102E80000000000000000000000000000000000042
:102E90000000000000000000000000000000000032
:102EA0000000000000000000000000000000000022
:102EB0000000000000000000000000000000000012
:102EC0000000000000000000000000000000000002
:102ED00000000000000000000000000000000000F2
:102EE00000000000000000000000000000000000E2
:102EF00000000000000000000000000000000000D2
:102F000000000000000000000000000000000000C1
:102F100000000000000000000000000000000000B1
:102F200000000000000000000000000000000000A1
:102F30000000000000000000000000000000000091
:102F40000000000000000000000000000000000081
:102F50000000000000000000000000000000000071
:102F60000000000000000000000000000000000061
:102F70000000000000000000000000000000000051
:102F80000000000000000000000000000000000041
:102F90000000000000000000000000000000000031
:102FA0000000000000000000000000000000000021
:102FB0000000000000000000000000000000000011
:102FC0000000000000000000000000000000000001
:102FD00000000000000000000000000000000000F1
:102FE00000000000000000000000000000000000E1
:102FF00000000000000000000000000000000000D1
:1030000000000000000000000000000000000000C0
:1030100000000000000000000000000000000000B0
:1030200000000000000000000000000000000000A0
:103030000000000000000000000000000000000090
:103040000000000000000000000000000000000080
:103050000000000000000000000000000000000070
:103060000000000000000000000000000000000060
:103070000000000000000000000000000000000050
:103080000000000000000000000000000000000040
:103090000000000000000000000000000000000030
:1030A0000000000000000000000000000000000020
:1030B0000000000000000000000000000000000010
:1030C0000000000000000000000000000000000000
:1030D00000000000000000000000000000000000F0
:1030E00000000000000000000000000000000000E0
:1030F00000000000000000000000000000000000D0
:1031000000000000000000000000000000000000BF
:1031100000000000000000000000000000000000AF
:10312000000000000000000000000000000000009F
:10313000000000000000000000000000000000008F
:10314000000000000000000000000000000000007F
:10315000000000000000000000000000000000006F
:10316000000000000000000000000000000000005F
:10317000000000000000000000000000000000004F
:10318000000000000000000000000000000000003F
:10319000000000000000000000000000000000002F
:1031A000000000000000000000000000000000001F
:1031B000000000000000000000000000000000000F
:1031C00000000000000000000000000000000000FF
:1031D00000000000000000000000000000000000EF
:1031E00000000000000000000000000000000000DF
:1031F00000000000000000000000000000000000CF
:1032000000000000000000000000000000000000BE
:1032100000000000000000000000000000000000AE
:10322000000000000000000000000000000000009E
:10323000000000000000000000000000000000008E
:10324000000000000000000000000000000000007E
:10325000000000000000000000000000000000006E
:10326000000000000000000000000000000000005E
:10327000000000000000000000000000000000004E
:10328000000000000000000000000000000000003E
:10329000000000000000000000000000000000002E
:1032A000000000000000000000000000000000001E
:1032B000000000000000000000000000000000000E
:1032C00000000000000000000000000000000000FE
:1032D00000000000000000000000000000000000EE
:1032E00000000000000000000000000000000000DE
:1032F00000000000000000000000000000000000CE
:1033000000000000000000000000000000000000BD
:1033100000000000000000000000000000000000AD
:10332000000000000000000000000000000000009D
:10333000000000000000000000000000000000008D
:10334000000000000000000000000000000000007D
:10335000000000000000000000000000000000006D
:10336000000000000000000000000000000000005D
:10337000000000000000000000000000000000004D
:10338000000000000000000000000000000000003D
:10339000000000000000000000000000000000002D
:1033A000000000000000000000000000000000001D
:1033B000000000000000000000000000000000000D
:1033C00000000000000000000000000000000000FD
:1033D00000000000000000000000000000000000ED
:1033E00000000000000000000000000000000000DD
:1033F00000000000000000000000000000000000CD
:1034000000000000000000000000000000000000BC
:1034100000000000000000000000000000000000AC
:10342000000000000000000000000000000000009C
:10343000000000000000000000000000000000008C
:10344000000000000000000000000000000000007C
:10345000000000000000000000000000000000006C
:10346000000000000000000000000000000000005C
:10347000000000000000000000000000000000004C
:10348000000000000000000000000000000000003C
:10349000000000000000000000000000000000002C
:1034A000000000000000000000000000000000001C
:1034B000000000000000000000000000000000000C
:1034C00000000000000000000000000000000000FC
:1034D00000000000000000000000000000000000EC
:1034E00000000000000000000000000000000000DC
:1034F00000000000000000000000000000000000CC
:1035000000000000000000000000000000000000BB
:1035100000000000000000000000000000000000AB
:10352000000000000000000000000000000000009B
:10353000000000000000000000000000000000008B
:10354000000000000000000000000000000000007B
:10355000000000000000000000000000000000006B
:10356000000000000000000000000000000000005B
:10357000000000000000000000000000000000004B
:10358000000000000000000000000000000000003B
:10359000000000000000000000000000000000002B
:1035A000000000000000000000000000000000001B
:1035B000000000000000000000000000000000000B
:1035C00000000000000000000000000000000000FB
:1035D00000000000000000000000000000000000EB
:1035E00000000000000000000000000000000000DB
:1035F00000000000000000000000000000000000CB
:1036000000000000000000000000000000000000BA
:1036100000000000000000000000000000000000AA
:10362000000000000000000000000000000000009A
:10363000000000000000000000000000000000008A
:10364000000000000000000000000000000000007A
:10365000000000000000000000000000000000006A
:10366000000000000000000000000000000000005A
:10367000000000000000000000000000000000004A
:10368000000000000000000000000000000000003A
:10369000000000000000000000000000000000002A
:1036A000000000000000000000000000000000001A
:1036B000000000000000000000000000000000000A
:1036C00000000000000000000000000000000000FA
:1036D00000000000000000000000000000000000EA
:1036E00000000000000000000000000000000000DA
:1036F00000000000000000000000000000000000CA
:1037000000000000000000000000000000000000B9
:1037100000000000000000000000000000000000A9
:103720000000000000000000000000000000000099
:103730000000000000000000000000000000000089
:103740000000000000000000000000000000000079
:103750000000000000000000000000000000000069
:103760000000000000000000000000000000000059
:103770000000000000000000000000000000000049
:103780000000000000000000000000000000000039
:103790000000000000000000000000000000000029
:1037A0000000000000000000000000000000000019
:1037B0000000000000000000000000000000000009
:1037C00000000000000000000000000000000000F9
:1037D00000000000000000000000000000000000E9
:1037E00000000000000000000000000000000000D9
:1037F00000000000000000000000000000000000C9
:1038000000000000000000000000000000000000B8
:1038100000000000000000000000000000000000A8
:103820000000000000000000000000000000000098
:103830000000000000000000000000000000000088
:103840000000000000000000000000000000000078
:103850000000000000000000000000000000000068
:103860000000000000000000000000000000000058
:103870000000000000000000000000000000000048
:103880000000000000000000000000000000000038
:103890000000000000000000000000000000000028
:1038A0000000000000000000000000000000000018
:1038B0000000000000000000000000000000000008
:1038C00000000000000000000000000000000000F8
:1038D00000000000000000000000000000000000E8
:1038E00000000000000000000000000000000000D8
:1038F00000000000000000000000000000000000C8
:1039000000000000000000000000000000000000B7
:1039100000000000000000000000000000000000A7
:103920000000000000000000000000000000000097
:103930000000000000000000000000000000000087
:103940000000000000000000000000000000000077
:103950000000000000000000000000000000000067
:103960000000000000000000000000000000000057
:103970000000000000000000000000000000000047
:103980000000000000000000000000000000000037
:103990000000000000000000000000000000000027
:1039A0000000000000000000000000000000000017
:1039B0000000000000000000000000000000000007
:1039C00000000000000000000000000000000000F7
:1039D00000000000000000000000000000000000E7
:1039E00000000000000000000000000000000000D7
:1039F00000000000000000000000000000000000C7
:103A000000000000000000000000000000000000B6
:103A100000000000000000000000000000000000A6
:103A20000000000000000000000000000000000096
:103A30000000000000000000000000000000000086
:103A40000000000000000000000000000000000076
:103A50000000000000000000000000000000000066
:103A60000000000000000000000000000000000056
:103A70000000000000000000000000000000000046
:103A80000000000000000000000000000000000036
:103A90000000000000000000000000000000000026
:103AA0000000000000000000000000000000000016
:103AB0000000000000000000000000000000000006
:103AC00000000000000000000000000000000000F6
:103AD00000000000000000000000000000000000E6
:103AE00000000000000000000000000000000000D6
:103AF00000000000000000000000000000000000C6
:103B000000000000000000000000000000000000B5
:103B100000000000000000000000000000000000A5
:103B20000000000000000000000000000000000095
:103B30000000000000000000000000000000000085
:103B40000000000000000000000000000000000075
:103B50000000000000000000000000000000000065
:103B60000000000000000000000000000000000055
:103B70000000000000000000000000000000000045
:103B80000000000000000000000000000000000035
:103B90000000000000000000000000000000000025
:103BA0000000000000000000000000000000000015
:103BB0000000000000000000000000000000000005
:103BC00000000000000000000000000000000000F5
:103BD00000000000000000000000000000000000E5
:103BE00000000000000000000000000000000000D5
:103BF00000000000000000000000000000000000C5
:103C000000000000000000000000000000000000B4
:103C100000000000000000000000000000000000A4
:103C20000000000000000000000000000000000094
:103C30000000000000000000000000000000000084
:103C40000000000000000000000000000000000074
:103C50000000000000000000000000000000000064
:103C60000000000000000000000000000000000054
:103C70000000000000000000000000000000000044
:103C80000000000000000000000000000000000034
:103C90000000000000000000000000000000000024
:103CA0000000000000000000000000000000000014
:103CB0000000000000000000000000000000000004
:103CC00000000000000000000000000000000000F4
:103CD00000000000000000000000000000000000E4
:103CE00000000000000000000000000000000000D4
:103CF00000000000000000000000000000000000C4
:103D000000000000000000000000000000000000B3
:103D100000000000000000000000000000000000A3
:103D20000000000000000000000000000000000093
:103D30000000000000000000000000000000000083
:103D40000000000000000000000000000000000073
:103D50000000000000000000000000000000000063
:103D60000000000000000000000000000000000053
:103D70000000000000000000000000000000000043
:103D80000000000000000000000000000000000033
:103D90000000000000000000000000000000000023
:103DA0000000000000000000000000000000000013
:103DB0000000000000000000000000000000000003
:103DC00000000000000000000000000000000000F3
:103DD00000000000000000000000000000000000E3
:103DE00000000000000000000000000000000000D3
:103DF00000000000000000000000000000000000C3
:103E000000000000000000000000000000000000B2
:103E100000000000000000000000000000000000A2
:103E20000000000000000000000000000000000092
:103E30000000000000000000000000000000000082
:103E40000000000000000000000000000000000072
:103E50000000000000000000000000000000000062
:103E60000000000000000000000000000000000052
:103E70000000000000000000000000000000000042
:103E80000000000000000000000000000000000032
:103E90000000000000000000000000000000000022
:103EA0000000000000000000000000000000000012
:103EB0000000000000000000000000000000000002
:103EC00000000000000000000000000000000000F2
:103ED00000000000000000000000000000000000E2
:103EE00000000000000000000000000000000000D2
:103EF00000000000000000000000000000000000C2
:103F000000000000000000000000000000000000B1
:103F100000000000000000000000000000000000A1
:103F20000000000000000000000000000000000091
:103F30000000000000000000000000000000000081
:103F40000000000000000000000000000000000071
:103F50000000000000000000000000000000000061
:103F60000000000000000000000000000000000051
:103F70000000000000000000000000000000000041
:103F80000000000000000000000000000000000031
:103F90000000000000000000000000000000000021
:103FA0000000000000000000000000000000000011
:103FB0000000000000000000000000000000000001
:103FC00000000000000000000000000000000000F1
:103FD00000000000000000000000000000000000E1
:103FE00000000000000000000000000000000000D1
:103FF00000000000000000000000000000000000C1
:1040000000000000000000000000000000000000B0
:1040100000000000000000000000000000000000A0
:104020000000000000000000000000000000000090
:104030000000000000000000000000000000000080
:104040000000000000000000000000000000000070
:104050000000000000000000000000000000000060
:104060000000000000000000000000000000000050
:104070000000000000000000000000000000000040
:104080000000000000000000000000000000000030
:104090000000000000000000000000000000000020
:1040A0000000000000000000000000000000000010
:1040B0000000000000000000000000000000000000
:1040C00000000000000000000000000000000000F0
:1040D00000000000000000000000000000000000E0
:1040E00000000000000000000000000000000000D0
:1040F00000000000000000000000000000000000C0
:1041000000000000000000000000000000000000AF
:10411000000000000000000000000000000000009F
:10412000000000000000000000000000000000008F
:10413000000000000000000000000000000000007F
:10414000000000000000000000000000000000006F
:10415000000000000000000000000000000000005F
:10416000000000000000000000000000000000004F
:10417000000000000000000000000000000000003F
:10418000000000000000000000000000000000002F
:10419000000000000000000000000000000000001F
:1041A000000000000000000000000000000000000F
:1041B00000000000000000000000000000000000FF
:1041C00000000000000000000000000000000000EF
:1041D00000000000000000000000000000000000DF
:1041E00000000000000000000000000000000000CF
:1041F00000000000000000000000000000000000BF
:1042000000000000000000000000000000000000AE
:10421000000000000000000000000000000000009E
:10422000000000000000000000000000000000008E
:10423000000000000000000000000000000000007E
:10424000000000000000000000000000000000006E
:10425000000000000000000000000000000000005E
:10426000000000000000000000000000000000004E
:10427000000000000000000000000000000000003E
:10428000000000000000000000000000000000002E
:10429000000000000000000000000000000000001E
:1042A000000000000000000000000000000000000E
:1042B00000000000000000000000000000000000FE
:1042C00000000000000000000000000000000000EE
:1042D00000000000000000000000000000000000DE
:1042E00000000000000000000000000000000000CE
:1042F00000000000000000000000000000000000BE
:1043000000000000000000000000000000000000AD
:10431000000000000000000000000000000000009D
:10432000000000000000000000000000000000008D
:10433000000000000000000000000000000000007D
:10434000000000000000000000000000000000006D
:10435000000000000000000000000000000000005D
:10436000000000000000000000000000000000004D
:10437000000000000000000000000000000000003D
:10438000000000000000000000000000000000002D
:10439000000000000000000000000000000000001D
:1043A000000000000000000000000000000000000D
:1043B00000000000000000000000000000000000FD
:1043C00000000000000000000000000000000000ED
:1043D00000000000000000000000000000000000DD
:1043E00000000000000000000000000000000000CD
:1043F00000000000000000000000000000000000BD
:1044000000000000000000000000000000000000AC
:10441000000000000000000000000000000000009C
:10442000000000000000000000000000000000008C
:10443000000000000000000000000000000000007C
:10444000000000000000000000000000000000006C
:10445000000000000000000000000000000000005C
:10446000000000000000000000000000000000004C
:10447000000000000000000000000000000000003C
:10448000000000000000000000000000000000002C
:10449000000000000000000000000000000000001C
:1044A000000000000000000000000000000000000C
:1044B00000000000000000000000000000000000FC
:1044C00000000000000000000000000000000000EC
:1044D00000000000000000000000000000000000DC
:1044E00000000000000000000000000000000000CC
:1044F00000000000000000000000000000000000BC
:1045000000000000000000000000000000000000AB
:10451000000000000000000000000000000000009B
:10452000000000000000000000000000000000008B
:10453000000000000000000000000000000000007B
:10454000000000000000000000000000000000006B
:10455000000000000000000000000000000000005B
:10456000000000000000000000000000000000004B
:10457000000000000000000000000000000000003B
:10458000000000000000000000000000000000002B
:10459000000000000000000000000000000000001B
:1045A000000000000000000000000000000000000B
:1045B00000000000000000000000000000000000FB
:1045C00000000000000000000000000000000000EB
:1045D00000000000000000000000000000000000DB
:1045E00000000000000000000000000000000000CB
:1045F00000000000000000000000000000000000BB
:1046000000000000000000000000000000000000AA
:10461000000000000000000000000000000000009A
:10462000000000000000000000000000000000008A
:10463000000000000000000000000000000000007A
:10464000000000000000000000000000000000006A
:10465000000000000000000000000000000000005A
:10466000000000000000000000000000000000004A
:10467000000000000000000000000000000000003A
:10468000000000000000000000000000000000002A
:10469000000000000000000000000000000000001A
:1046A000000000000000000000000000000000000A
:1046B00000000000000000000000000000000000FA
:1046C00000000000000000000000000000000000EA
:1046D00000000000000000000000000000000000DA
:1046E00000000000000000000000000000000000CA
:1046F00000000000000000000000000000000000BA
:1047000000000000000000000000000000000000A9
:104710000000000000000000000000000000000099
:104720000000000000000000000000000000000089
:104730000000000000000000000000000000000079
:104740000000000000000000000000000000000069
:104750000000000000000000000000000000000059
:104760000000000000000000000000000000000049
:104770000000000000000000000000000000000039
:104780000000000000000000000000000000000029
:104790000000000000000000000000000000000019
:1047A0000000000000000000000000000000000009
:1047B00000000000000000000000000000000000F9
:1047C00000000000000000000000000000000000E9
:1047D00000000000000000000000000000000000D9
:1047E00000000000000000000000000000000000C9
:1047F00000000000000000000000000000000000B9
:1048000000000000000000000000000000000000A8
:104810000000000000000000000000000000000098
:104820000000000000000000000000000000000088
:104830000000000000000000000000000000000078
:104840000000000000000000000000000000000068
:104850000000000000000000000000000000000058
:104860000000000000000000000000000000000048
:104870000000000000000000000000000000000038
:104880000000000000000000000000000000000028
:104890000000000000000000000000000000000018
:1048A0000000000000000000000000000000000008
:1048B00000000000000000000000000000000000F8
:1048C00000000000000000000000000000000000E8
:1048D00000000000000000000000000000000000D8
:1048E00000000000000000000000000000000000C8
:1048F00000000000000000000000000000000000B8
:1049000000000000000000000000000000000000A7
:104910000000000000000000000000000000000097
:104920000000000000000000000000000000000087
:104930000000000000000000000000000000000077
:104940000000000000000000000000000000000067
:104950000000000000000000000000000000000057
:104960000000000000000000000000000000000047
:104970000000000000000000000000000000000037
:104980000000000000000000000000000000000027
:104990000000000000000000000000000000000017
:1049A0000000000000000000000000000000000007
:1049B00000000000000000000000000000000000F7
:1049C00000000000000000000000000000000000E7
:1049D00000000000000000000000000000000000D7
:1049E00000000000000000000000000000000000C7
:1049F00000000000000000000000000000000000B7
:104A000000000000000000000000000000000000A6
:104A10000000000000000000000000000000000096
:104A20000000000000000000000000000000000086
:104A30000000000000000000000000000000000076
:104A40000000000000000000000000000000000066
:104A50000000000000000000000000000000000056
:104A60000000000000000000000000000000000046
:104A70000000000000000000000000000000000036
:104A80000000000000000000000000000000000026
:104A90000000000000000000000000000000000016
:104AA0000000000000000000000000000000000006
:104AB00000000000000000000000000000000000F6
:104AC00000000000000000000000000000000000E6
:104AD00000000000000000000000000000000000D6
:104AE00000000000000000000000000000000000C6
:104AF00000000000000000000000000000000000B6
:104B000000000000000000000000000000000000A5
:104B10000000000000000000000000000000000095
:104B20000000000000000000000000000000000085
:104B30000000000000000000000000000000000075
:104B40000000000000000000000000000000000065
:104B50000000000000000000000000000000000055
:104B60000000000000000000000000000000000045
:104B70000000000000000000000000000000000035
:104B80000000000000000000000000000000000025
:104B90000000000000000000000000000000000015
:104BA0000000000000000000000000000000000005
:104BB00000000000000000000000000000000000F5
:104BC00000000000000000000000000000000000E5
:104BD00000000000000000000000000000000000D5
:104BE00000000000000000000000000000000000C5
:104BF00000000000000000000000000000000000B5
:104C000000000000000000000000000000000000A4
:104C10000000000000000000000000000000000094
:104C20000000000000000000000000000000000084
:104C30000000000000000000000000000000000074
:104C40000000000000000000000000000000000064
:104C50000000000000000000000000000000000054
:104C60000000000000000000000000000000000044
:104C70000000000000000000000000000000000034
:104C80000000000000000000000000000000000024
:104C90000000000000000000000000000000000014
:104CA0000000000000000000000000000000000004
:104CB00000000000000000000000000000000000F4
:104CC00000000000000000000000000000000000E4
:104CD00000000000000000000000000000000000D4
:104CE00000000000000000000000000000000000C4
:104CF00000000000000000000000000000000000B4
:104D000000000000000000000000000000000000A3
:104D10000000000000000000000000000000000093
:104D20000000000000000000000000000000000083
:104D30000000000000000000000000000000000073
:104D40000000000000000000000000000000000063
:104D50000000000000000000000000000000000053
:104D60000000000000000000000000000000000043
:104D70000000000000000000000000000000000033
:104D80000000000000000000000000000000000023
:104D90000000000000000000000000000000000013
:104DA0000000000000000000000000000000000003
:104DB00000000000000000000000000000000000F3
:104DC00000000000000000000000000000000000E3
:104DD00000000000000000000000000000000000D3
:104DE00000000000000000000000000000000000C3
:104DF00000000000000000000000000000000000B3
:104E000000000000000000000000000000000000A2
:104E10000000000000000000000000000000000092
:104E20000000000000000000000000000000000082
:104E30000000000000000000000000000000000072
:104E40000000000000000000000000000000000062
:104E50000000000000000000000000000000000052
:104E60000000000000000000000000000000000042
:104E70000000000000000000000000000000000032
:104E80000000000000000000000000000000000022
:104E90000000000000000000000000000000000012
:104EA0000000000000000000000000000000000002
:104EB00000000000000000000000000000000000F2
:104EC00000000000000000000000000000000000E2
:104ED00000000000000000000000000000000000D2
:104EE00000000000000000000000000000000000C2
:104EF00000000000000000000000000000000000B2
:104F000000000000000000000000000000000000A1
:104F10000000000000000000000000000000000091
:104F20000000000000000000000000000000000081
:104F30000000000000000000000000000000000071
:104F40000000000000000000000000000000000061
:104F50000000000000000000000000000000000051
:104F60000000000000000000000000000000000041
:104F70000000000000000000000000000000000031
:104F80000000000000000000000000000000000021
:104F90000000000000000000000000000000000011
:104FA0000000000000000000000000000000000001
:104FB00000000000000000000000000000000000F1
:104FC00000000000000000000000000000000000E1
:104FD00000000000000000000000000000000000D1
:104FE00000000000000000000000000000000000C1
:104FF00000000000000000000000000000000000B1
:1050000000000000000000000000000000000000A0
:105010000000000000000000000000000000000090
:105020000000000000000000000000000000000080
:105030000000000000000000000000000000000070
:105040000000000000000000000000000000000060
:105050000000000000000000000000000000000050
:105060000000000000000000000000000000000040
:105070000000000000000000000000000000000030
:105080000000000000000000000000000000000020
:105090000000000000000000000000000000000010
:1050A0000000000000000000000000000000000000
:1050B00000000000000000000000000000000000F0
:1050C00000000000000000000000000000000000E0
:1050D00000000000000000000000000000000000D0
:1050E00000000000000000000000000000000000C0
:1050F00000000000000000000000000000000000B0
:10510000000000000000000000000000000000009F
:10511000000000000000000000000000000000008F
:10512000000000000000000000000000000000007F
:10513000000000000000000000000000000000006F
:10514000000000000000000000000000000000005F
:10515000000000000000000000000000000000004F
:10516000000000000000000000000000000000003F
:10517000000000000000000000000000000000002F
:10518000000000000000000000000000000000001F
:10519000000000000000000000000000000000000F
:1051A00000000000000000000000000000000000FF
:1051B00000000000000000000000000000000000EF
:1051C00000000000000000000000000000000000DF
:1051D00000000000000000000000000000000000CF
:1051E00000000000000000000000000000000000BF
:1051F00000000000000000000000000000000000AF
:10520000000000000000000000000000000000009E
:10521000000000000000000000000000000000008E
:10522000000000000000000000000000000000007E
:10523000000000000000000000000000000000006E
:10524000000000000000000000000000000000005E
:10525000000000000000000000000000000000004E
:10526000000000000000000000000000000000003E
:10527000000000000000000000000000000000002E
:10528000000000000000000000000000000000001E
:10529000000000000000000000000000000000000E
:1052A00000000000000000000000000000000000FE
:1052B00000000000000000000000000000000000EE
:1052C00000000000000000000000000000000000DE
:1052D00000000000000000000000000000000000CE
:1052E00000000000000000000000000000000000BE
:1052F00000000000000000000000000000000000AE
:10530000000000000000000000000000000000009D
:10531000000000000000000000000000000000008D
:10532000000000000000000000000000000000007D
:10533000000000000000000000000000000000006D
:10534000000000000000000000000000000000005D
:10535000000000000000000000000000000000004D
:10536000000000000000000000000000000000003D
:10537000000000000000000000000000000000002D
:10538000000000000000000000000000000000001D
:10539000000000000000000000000000000000000D
:1053A00000000000000000000000000000000000FD
:1053B00000000000000000000000000000000000ED
:1053C00000000000000000000000000000000000DD
:1053D00000000000000000000000000000000000CD
:1053E00000000000000000000000000000000000BD
:1053F00000000000000000000000000000000000AD
:10540000000000000000000000000000000000009C
:10541000000000000000000000000000000000008C
:10542000000000000000000000000000000000007C
:10543000000000000000000000000000000000006C
:10544000000000000000000000000000000000005C
:10545000000000000000000000000000000000004C
:10546000000000000000000000000000000000003C
:10547000000000000000000000000000000000002C
:10548000000000000000000000000000000000001C
:10549000000000000000000000000000000000000C
:1054A00000000000000000000000000000000000FC
:1054B00000000000000000000000000000000000EC
:1054C00000000000000000000000000000000000DC
:1054D00000000000000000000000000000000000CC
:1054E00000000000000000000000000000000000BC
:1054F00000000000000000000000000000000000AC
:10550000000000000000000000000000000000009B
:10551000000000000000000000000000000000008B
:10552000000000000000000000000000000000007B
:10553000000000000000000000000000000000006B
:10554000000000000000000000000000000000005B
:10555000000000000000000000000000000000004B
:10556000000000000000000000000000000000003B
:10557000000000000000000000000000000000002B
:10558000000000000000000000000000000000001B
:10559000000000000000000000000000000000000B
:1055A00000000000000000000000000000000000FB
:1055B00000000000000000000000000000000000EB
:1055C00000000000000000000000000000000000DB
:1055D00000000000000000000000000000000000CB
:1055E00000000000000000000000000000000000BB
:1055F00000000000000000000000000000000000AB
:10560000000000000000000000000000000000009A
:10561000000000000000000000000000000000008A
:10562000000000000000000000000000000000007A
:10563000000000000000000000000000000000006A
:10564000000000000000000000000000000000005A
:10565000000000000000000000000000000000004A
:10566000000000000000000000000000000000003A
:10567000000000000000000000000000000000002A
:10568000000000000000000000000000000000001A
:10569000000000000000000000000000000000000A
:1056A00000000000000000000000000000000000FA
:1056B00000000000000000000000000000000000EA
:1056C00000000000000000000000000000000000DA
:1056D00000000000000000000000000000000000CA
:1056E00000000000000000000000000000000000BA
:1056F00000000000000000000000000000000000AA
:105700000000000000000000000000000000000099
:105710000000000000000000000000000000000089
:105720000000000000000000000000000000000079
:105730000000000000000000000000000000000069
:105740000000000000000000000000000000000059
:105750000000000000000000000000000000000049
:105760000000000000000000000000000000000039
:105770000000000000000000000000000000000029
:105780000000000000000000000000000000000019
:105790000000000000000000000000000000000009
:1057A00000000000000000000000000000000000F9
:1057B00000000000000000000000000000000000E9
:1057C00000000000000000000000000000000000D9
:1057D00000000000000000000000000000000000C9
:1057E00000000000000000000000000000000000B9
:1057F00000000000000000000000000000000000A9
:105800000000000000000000000000000000000098
:105810000000000000000000000000000000000088
:105820000000000000000000000000000000000078
:105830000000000000000000000000000000000068
:105840000000000000000000000000000000000058
:105850000000000000000000000000000000000048
:105860000000000000000000000000000000000038
:105870000000000000000000000000000000000028
:105880000000000000000000000000000000000018
:105890000000000000000000000000000000000008
:1058A00000000000000000000000000000000000F8
:1058B00000000000000000000000000000000000E8
:1058C00000000000000000000000000000000000D8
:1058D00000000000000000000000000000000000C8
:1058E00000000000000000000000000000000000B8
:1058F00000000000000000000000000000000000A8
:105900000000000000000000000000000000000097
:105910000000000000000000000000000000000087
:105920000000000000000000000000000000000077
:105930000000000000000000000000000000000067
:105940000000000000000000000000000000000057
:105950000000000000000000000000000000000047
:105960000000000000000000000000000000000037
:105970000000000000000000000000000000000027
:105980000000000000000000000000000000000017
:105990000000000000000000000000000000000007
:1059A00000000000000000000000000000000000F7
:1059B00000000000000000000000000000000000E7
:1059C00000000000000000000000000000000000D7
:1059D00000000000000000000000000000000000C7
:1059E00000000000000000000000000000000000B7
:1059F00000000000000000000000000000000000A7
:105A00000000000000000000000000000000000096
:105A10000000000000000000000000000000000086
:105A20000000000000000000000000000000000076
:105A30000000000000000000000000000000000066
:105A40000000000000000000000000000000000056
:105A50000000000000000000000000000000000046
:105A60000000000000000000000000000000000036
:105A70000000000000000000000000000000000026
:105A80000000000000000000000000000000000016
:105A90000000000000000000000000000000000006
:105AA00000000000000000000000000000000000F6
:105AB00000000000000000000000000000000000E6
:105AC00000000000000000000000000000000000D6
:105AD00000000000000000000000000000000000C6
:105AE00000000000000000000000000000000000B6
:105AF00000000000000000000000000000000000A6
:105B00000000000000000000000000000000000095
:105B10000000000000000000000000000000000085
:105B20000000000000000000000000000000000075
:105B30000000000000000000000000000000000065
:105B40000000000000000000000000000000000055
:105B50000000000000000000000000000000000045
:105B60000000000000000000000000000000000035
:105B70000000000000000000000000000000000025
:105B80000000000000000000000000000000000015
:105B90000000000000000000000000000000000005
:105BA00000000000000000000000000000000000F5
:105BB00000000000000000000000000000000000E5
:105BC00000000000000000000000000000000000D5
:105BD00000000000000000000000000000000000C5
:105BE00000000000000000000000000000000000B5
:105BF00000000000000000000000000000000000A5
:105C00000000000000000000000000000000000094
:105C10000000000000000000000000000000000084
:105C20000000000000000000000000000000000074
:105C30000000000000000000000000000000000064
:105C40000000000000000000000000000000000054
:105C50000000000000000000000000000000000044
:105C60000000000000000000000000000000000034
:105C70000000000000000000000000000000000024
:105C80000000000000000000000000000000000014
:105C90000000000000000000000000000000000004
:105CA00000000000000000000000000000000000F4
:105CB00000000000000000000000000000000000E4
:105CC00000000000000000000000000000000000D4
:105CD00000000000000000000000000000000000C4
:105CE00000000000000000000000000000000000B4
:105CF00000000000000000000000000000000000A4
:105D00000000000000000000000000000000000093
:105D10000000000000000000000000000000000083
:105D20000000000000000000000000000000000073
:105D30000000000000000000000000000000000063
:105D40000000000000000000000000000000000053
:105D50000000000000000000000000000000000043
:105D60000000000000000000000000000000000033
:105D70000000000000000000000000000000000023
:105D80000000000000000000000000000000000013
:105D90000000000000000000000000000000000003
:105DA00000000000000000000000000000000000F3
:105DB00000000000000000000000000000000000E3
:105DC00000000000000000000000000000000000D3
:105DD00000000000000000000000000000000000C3
:105DE00000000000000000000000000000000000B3
:105DF00000000000000000000000000000000000A3
:105E00000000000000000000000000000000000092
:105E10000000000000000000000000000000000082
:105E20000000000000000000000000000000000072
:105E30000000000000000000000000000000000062
:105E40000000000000000000000000000000000052
:105E50000000000000000000000000000000000042
:105E60000000000000000000000000000000000032
:105E70000000000000000000000000000000000022
:105E80000000000000000000000000000000000012
:105E90000000000000000000000000000000000002
:105EA00000000000000000000000000000000000F2
:105EB00000000000000000000000000000000000E2
:105EC00000000000000000000000000000000000D2
:105ED00000000000000000000000000000000000C2
:105EE00000000000000000000000000000000000B2
:105EF00000000000000000000000000000000000A2
:105F00000000000000000000000000000000000091
:105F10000000000000000000000000000000000081
:105F20000000000000000000000000000000000071
:105F30000000000000000000000000000000000061
:105F40000000000000000000000000000000000051
:105F50000000000000000000000000000000000041
:105F60000000000000000000000000000000000031
:105F70000000000000000000000000000000000021
:105F80000000000000000000000000000000000011
:105F90000000000000000000000000000000000001
:105FA00000000000000000000000000000000000F1
:105FB00000000000000000000000000000000000E1
:105FC00000000000000000000000000000000000D1
:105FD00000000000000000000000000000000000C1
:105FE00000000000000000000000000000000000B1
:105FF00000000000000000000000000000000000A1
:106000000000000000000000000000000000000090
:106010000000000000000000000000000000000080
:106020000000000000000000000000000000000070
:106030000000000000000000000000000000000060
:106040000000000000000000000000000000000050
:106050000000000000000000000000000000000040
:106060000000000000000000000000000000000030
:106070000000000000000000000000000000000020
:106080000000000000000000000000000000000010
:106090000000000000000000000000000000000000
:1060A00000000000000000000000000000000000F0
:1060B00000000000000000000000000000000000E0
:1060C00000000000000000000000000000000000D0
:1060D00000000000000000000000000000000000C0
:1060E00000000000000000000000000000000000B0
:1060F00000000000000000000000000000000000A0
:10610000000000000000000000000000000000008F
:10611000000000000000000000000000000000007F
:10612000000000000000000000000000000000006F
:10613000000000000000000000000000000000005F
:10614000000000000000000000000000000000004F
:10615000000000000000000000000000000000003F
:10616000000000000000000000000000000000002F
:10617000000000000000000000000000000000001F
:10618000000000000000000000000000000000000F
:1061900000000000000000000000000000000000FF
:1061A00000000000000000000000000000000000EF
:1061B00000000000000000000000000000000000DF
:1061C00000000000000000000000000000000000CF
:1061D00000000000000000000000000000000000BF
:1061E00000000000000000000000000000000000AF
:1061F000000000000000000000000000000000009F
:10620000000000000000000000000000000000008E
:10621000000000000000000000000000000000007E
:10622000000000000000000000000000000000006E
:10623000000000000000000000000000000000005E
:10624000000000000000000000000000000000004E
:10625000000000000000000000000000000000003E
:10626000000000000000000000000000000000002E
:10627000000000000000000000000000000000001E
:10628000000000000000000000000000000000000E
:1062900000000000000000000000000000000000FE
:1062A00000000000000000000000000000000000EE
:1062B00000000000000000000000000000000000DE
:1062C00000000000000000000000000000000000CE
:1062D00000000000000000000000000000000000BE
:1062E00000000000000000000000000000000000AE
:1062F000000000000000000000000000000000009E
:10630000000000000000000000000000000000008D
:10631000000000000000000000000000000000007D
:10632000000000000000000000000000000000006D
:10633000000000000000000000000000000000005D
:10634000000000000000000000000000000000004D
:10635000000000000000000000000000000000003D
:10636000000000000000000000000000000000002D
:10637000000000000000000000000000000000001D
:10638000000000000000000000000000000000000D
:1063900000000000000000000000000000000000FD
:1063A00000000000000000000000000000000000ED
:1063B00000000000000000000000000000000000DD
:1063C00000000000000000000000000000000000CD
:1063D00000000000000000000000000000000000BD
:1063E00000000000000000000000000000000000AD
:1063F000000000000000000000000000000000009D
:10640000000000000000000000000000000000008C
:10641000000000000000000000000000000000007C
:10642000000000000000000000000000000000006C
:10643000000000000000000000000000000000005C
:10644000000000000000000000000000000000004C
:10645000000000000000000000000000000000003C
:10646000000000000000000000000000000000002C
:10647000000000000000000000000000000000001C
:10648000000000000000000000000000000000000C
:1064900000000000000000000000000000000000FC
:1064A00000000000000000000000000000000000EC
:1064B00000000000000000000000000000000000DC
:1064C00000000000000000000000000000000000CC
:1064D00000000000000000000000000000000000BC
:1064E00000000000000000000000000000000000AC
:1064F000000000000000000000000000000000009C
:10650000000000000000000000000000000000008B
:10651000000000000000000000000000000000007B
:10652000000000000000000000000000000000006B
:10653000000000000000000000000000000000005B
:10654000000000000000000000000000000000004B
:10655000000000000000000000000000000000003B
:10656000000000000000000000000000000000002B
:10657000000000000000000000000000000000001B
:10658000000000000000000000000000000000000B
:1065900000000000000000000000000000000000FB
:1065A00000000000000000000000000000000000EB
:1065B00000000000000000000000000000000000DB
:1065C00000000000000000000000000000000000CB
:1065D00000000000000000000000000000000000BB
:1065E00000000000000000000000000000000000AB
:1065F000000000000000000000000000000000009B
:10660000000000000000000000000000000000008A
:10661000000000000000000000000000000000007A
:10662000000000000000000000000000000000006A
:10663000000000000000000000000000000000005A
:10664000000000000000000000000000000000004A
:10665000000000000000000000000000000000003A
:10666000000000000000000000000000000000002A
:10667000000000000000000000000000000000001A
:10668000000000000000000000000000000000000A
:1066900000000000000000000000000000000000FA
:1066A00000000000000000000000000000000000EA
:1066B00000000000000000000000000000000000DA
:1066C00000000000000000000000000000000000CA
:1066D00000000000000000000000000000000000BA
:1066E00000000000000000000000000000000000AA
:1066F000000000000000000000000000000000009A
:106700000000000000000000000000000000000089
:106710000000000000000000000000000000000079
:106720000000000000000000000000000000000069
:106730000000000000000000000000000000000059
:106740000000000000000000000000000000000049
:106750000000000000000000000000000000000039
:106760000000000000000000000000000000000029
:106770000000000000000000000000000000000019
:106780000000000000000000000000000000000009
:1067900000000000000000000000000000000000F9
:1067A00000000000000000000000000000000000E9
:1067B00000000000000000000000000000000000D9
:1067C00000000000000000000000000000000000C9
:1067D00000000000000000000000000000000000B9
:1067E00000000000000000000000000000000000A9
:1067F0000000000000000000000000000000000099
:106800000000000000000000000000000000000088
:106810000000000000000000000000000000000078
:106820000000000000000000000000000000000068
:106830000000000000000000000000000000000058
:106840000000000000000000000000000000000048
:106850000000000000000000000000000000000038
:106860000000000000000000000000000000000028
:106870000000000000000000000000000000000018
:106880000000000000000000000000000000000008
:1068900000000000000000000000000000000000F8
:1068A00000000000000000000000000000000000E8
:1068B00000000000000000000000000000000000D8
:1068C00000000000000000000000000000000000C8
:1068D00000000000000000000000000000000000B8
:1068E00000000000000000000000000000000000A8
:1068F0000000000000000000000000000000000098
:106900000000000000000000000000000000000087
:106910000000000000000000000000000000000077
:106920000000000000000000000000000000000067
:106930000000000000000000000000000000000057
:106940000000000000000000000000000000000047
:106950000000000000000000000000000000000037
:106960000000000000000000000000000000000027
:106970000000000000000000000000000000000017
:106980000000000000000000000000000000000007
:1069900000000000000000000000000000000000F7
:1069A00000000000000000000000000000000000E7
:1069B00000000000000000000000000000000000D7
:1069C00000000000000000000000000000000000C7
:1069D00000000000000000000000000000000000B7
:1069E00000000000000000000000000000000000A7
:1069F0000000000000000000000000000000000097
:106A00000000000000000000000000000000000086
:106A10000000000000000000000000000000000076
:106A20000000000000000000000000000000000066
:106A30000000000000000000000000000000000056
:106A40000000000000000000000000000000000046
:106A50000000000000000000000000000000000036
:106A60000000000000000000000000000000000026
:106A70000000000000000000000000000000000016
:106A80000000000000000000000000000000000006
:106A900000000000000000000000000000000000F6
:106AA00000000000000000000000000000000000E6
:106AB00000000000000000000000000000000000D6
:106AC00000000000000000000000000000000000C6
:106AD00000000000000000000000000000000000B6
:106AE00000000000000000000000000000000000A6
:106AF0000000000000000000000000000000000096
:106B00000000000000000000000000000000000085
:106B10000000000000000000000000000000000075
:106B20000000000000000000000000000000000065
:106B30000000000000000000000000000000000055
:106B40000000000000000000000000000000000045
:106B50000000000000000000000000000000000035
:106B60000000000000000000000000000000000025
:106B70000000000000000000000000000000000015
:106B80000000000000000000000000000000000005
:106B900000000000000000000000000000000000F5
:106BA00000000000000000000000000000000000E5
:106BB00000000000000000000000000000000000D5
:106BC00000000000000000000000000000000000C5
:106BD00000000000000000000000000000000000B5
:106BE00000000000000000000000000000000000A5
:106BF0000000000000000000000000000000000095
:106C00000000000000000000000000000000000084
:106C10000000000000000000000000000000000074
:106C20000000000000000000000000000000000064
:106C30000000000000000000000000000000000054
:106C40000000000000000000000000000000000044
:106C50000000000000000000000000000000000034
:106C60000000000000000000000000000000000024
:106C70000000000000000000000000000000000014
:106C80000000000000000000000000000000000004
:106C900000000000000000000000000000000000F4
:106CA00000000000000000000000000000000000E4
:106CB00000000000000000000000000000000000D4
:106CC00000000000000000000000000000000000C4
:106CD00000000000000000000000000000000000B4
:106CE00000000000000000000000000000000000A4
:106CF0000000000000000000000000000000000094
:106D00000000000000000000000000000000000083
:106D10000000000000000000000000000000000073
:106D20000000000000000000000000000000000063
:106D30000000000000000000000000000000000053
:106D40000000000000000000000000000000000043
:106D50000000000000000000000000000000000033
:106D60000000000000000000000000000000000023
:106D70000000000000000000000000000000000013
:106D80000000000000000000000000000000000003
:106D900000000000000000000000000000000000F3
:106DA00000000000000000000000000000000000E3
:106DB00000000000000000000000000000000000D3
:106DC00000000000000000000000000000000000C3
:106DD00000000000000000000000000000000000B3
:106DE00000000000000000000000000000000000A3
:106DF0000000000000000000000000000000000093
:106E00000000000000000000000000000000000082
:106E10000000000000000000000000000000000072
:106E20000000000000000000000000000000000062
:106E30000000000000000000000000000000000052
:106E40000000000000000000000000000000000042
:106E50000000000000000000000000000000000032
:106E60000000000000000000000000000000000022
:106E70000000000000000000000000000000000012
:106E80000000000000000000000000000000000002
:106E900000000000000000000000000000000000F2
:106EA00000000000000000000000000000000000E2
:106EB00000000000000000000000000000000000D2
:106EC00000000000000000000000000000000000C2
:106ED00000000000000000000000000000000000B2
:106EE00000000000000000000000000000000000A2
:106EF0000000000000000000000000000000000092
:106F00000000000000000000000000000000000081
:106F10000000000000000000000000000000000071
:106F20000000000000000000000000000000000061
:106F30000000000000000000000000000000000051
:106F40000000000000000000000000000000000041
:106F50000000000000000000000000000000000031
:106F60000000000000000000000000000000000021
:106F70000000000000000000000000000000000011
:106F80000000000000000000000000000000000001
:106F900000000000000000000000000000000000F1
:106FA00000000000000000000000000000000000E1
:106FB00000000000000000000000000000000000D1
:106FC00000000000000000000000000000000000C1
:106FD00000000000000000000000000000000000B1
:106FE00000000000000000000000000000000000A1
:106FF0000000000000000000000000000000000091
:107000000000000000000000000000000000000080
:107010000000000000000000000000000000000070
:107020000000000000000000000000000000000060
:107030000000000000000000000000000000000050
:107040000000000000000000000000000000000040
:107050000000000000000000000000000000000030
:107060000000000000000000000000000000000020
:107070000000000000000000000000000000000010
:107080000000000000000000000000000000000000
:1070900000000000000000000000000000000000F0
:1070A00000000000000000000000000000000000E0
:1070B00000000000000000000000000000000000D0
:1070C00000000000000000000000000000000000C0
:1070D00000000000000000000000000000000000B0
:1070E00000000000000000000000000000000000A0
:1070F0000000000000000000000000000000000090
:10710000000000000000000000000000000000007F
:10711000000000000000000000000000000000006F
:10712000000000000000000000000000000000005F
:10713000000000000000000000000000000000004F
:10714000000000000000000000000000000000003F
:10715000000000000000000000000000000000002F
:10716000000000000000000000000000000000001F
:10717000000000000000000000000000000000000F
:1071800000000000000000000000000000000000FF
:1071900000000000000000000000000000000000EF
:1071A00000000000000000000000000000000000DF
:1071B00000000000000000000000000000000000CF
:1071C00000000000000000000000000000000000BF
:1071D00000000000000000000000000000000000AF
:1071E000000000000000000000000000000000009F
:1071F000000000000000000000000000000000008F
:10720000000000000000000000000000000000007E
:10721000000000000000000000000000000000006E
:10722000000000000000000000000000000000005E
:10723000000000000000000000000000000000004E
:10724000000000000000000000000000000000003E
:10725000000000000000000000000000000000002E
:10726000000000000000000000000000000000001E
:10727000000000000000000000000000000000000E
:1072800000000000000000000000000000000000FE
:1072900000000000000000000000000000000000EE
:1072A00000000000000000000000000000000000DE
:1072B00000000000000000000000000000000000CE
:1072C00000000000000000000000000000000000BE
:1072D00000000000000000000000000000000000AE
:1072E000000000000000000000000000000000009E
:1072F000000000000000000000000000000000008E
:10730000000000000000000000000000000000007D
:10731000000000000000000000000000000000006D
:10732000000000000000000000000000000000005D
:10733000000000000000000000000000000000004D
:10734000000000000000000000000000000000003D
:10735000000000000000000000000000000000002D
:10736000000000000000000000000000000000001D
:10737000000000000000000000000000000000000D
:1073800000000000000000000000000000000000FD
:1073900000000000000000000000000000000000ED
:1073A00000000000000000000000000000000000DD
:1073B00000000000000000000000000000000000CD
:1073C00000000000000000000000000000000000BD
:1073D00000000000000000000000000000000000AD
:1073E000000000000000000000000000000000009D
:1073F000000000000000000000000000000000008D
:10740000000000000000000000000000000000007C
:10741000000000000000000000000000000000006C
:10742000000000000000000000000000000000005C
:10743000000000000000000000000000000000004C
:10744000000000000000000000000000000000003C
:10745000000000000000000000000000000000002C
:10746000000000000000000000000000000000001C
:10747000000000000000000000000000000000000C
:1074800000000000000000000000000000000000FC
:1074900000000000000000000000000000000000EC
:1074A00000000000000000000000000000000000DC
:1074B00000000000000000000000000000000000CC
:1074C00000000000000000000000000000000000BC
:1074D00000000000000000000000000000000000AC
:1074E000000000000000000000000000000000009C
:1074F000000000000000000000000000000000008C
:10750000000000000000000000000000000000007B
:10751000000000000000000000000000000000006B
:10752000000000000000000000000000000000005B
:10753000000000000000000000000000000000004B
:10754000000000000000000000000000000000003B
:10755000000000000000000000000000000000002B
:10756000000000000000000000000000000000001B
:10757000000000000000000000000000000000000B
:1075800000000000000000000000000000000000FB
:1075900000000000000000000000000000000000EB
:1075A00000000000000000000000000000000000DB
:1075B00000000000000000000000000000000000CB
:1075C00000000000000000000000000000000000BB
:1075D00000000000000000000000000000000000AB
:1075E000000000000000000000000000000000009B
:1075F000000000000000000000000000000000008B
:10760000000000000000000000000000000000007A
:10761000000000000000000000000000000000006A
:10762000000000000000000000000000000000005A
:10763000000000000000000000000000000000004A
:10764000000000000000000000000000000000003A
:10765000000000000000000000000000000000002A
:10766000000000000000000000000000000000001A
:10767000000000000000000000000000000000000A
:1076800000000000000000000000000000000000FA
:1076900000000000000000000000000000000000EA
:1076A00000000000000000000000000000000000DA
:1076B00000000000000000000000000000000000CA
:1076C00000000000000000000000000000000000BA
:1076D00000000000000000000000000000000000AA
:1076E000000000000000000000000000000000009A
:1076F000000000000000000000000000000000008A
:107700000000000000000000000000000000000079
:107710000000000000000000000000000000000069
:107720000000000000000000000000000000000059
:107730000000000000000000000000000000000049
:107740000000000000000000000000000000000039
:107750000000000000000000000000000000000029
:107760000000000000000000000000000000000019
:107770000000000000000000000000000000000009
:1077800000000000000000000000000000000000F9
:1077900000000000000000000000000000000000E9
:1077A00000000000000000000000000000000000D9
:1077B00000000000000000000000000000000000C9
:1077C00000000000000000000000000000000000B9
:1077D00000000000000000000000000000000000A9
:1077E0000000000000000000000000000000000099
:1077F0000000000000000000000000000000000089
:107800000000000000000000000000000000000078
:107810000000000000000000000000000000000068
:107820000000000000000000000000000000000058
:107830000000000000000000000000000000000048
:107840000000000000000000000000000000000038
:107850000000000000000000000000000000000028
:107860000000000000000000000000000000000018
:107870000000000000000000000000000000000008
:1078800000000000000000000000000000000000F8
:1078900000000000000000000000000000000000E8
:1078A00000000000000000000000000000000000D8
:1078B00000000000000000000000000000000000C8
:1078C00000000000000000000000000000000000B8
:1078D00000000000000000000000000000000000A8
:1078E0000000000000000000000000000000000098
:1078F0000000000000000000000000000000000088
:107900000000000000000000000000000000000077
:107910000000000000000000000000000000000067
:107920000000000000000000000000000000000057
:107930000000000000000000000000000000000047
:107940000000000000000000000000000000000037
:107950000000000000000000000000000000000027
:107960000000000000000000000000000000000017
:107970000000000000000000000000000000000007
:1079800000000000000000000000000000000000F7
:1079900000000000000000000000000000000000E7
:1079A00000000000000000000000000000000000D7
:1079B00000000000000000000000000000000000C7
:1079C00000000000000000000000000000000000B7
:1079D00000000000000000000000000000000000A7
:1079E0000000000000000000000000000000000097
:1079F0000000000000000000000000000000000087
:107A00000000000000000000000000000000000076
:107A10000000000000000000000000000000000066
:107A20000000000000000000000000000000000056
:107A30000000000000000000000000000000000046
:107A40000000000000000000000000000000000036
:107A50000000000000000000000000000000000026
:107A60000000000000000000000000000000000016
:107A70000000000000000000000000000000000006
:107A800000000000000000000000000000000000F6
:107A900000000000000000000000000000000000E6
:107AA00000000000000000000000000000000000D6
:107AB00000000000000000000000000000000000C6
:107AC00000000000000000000000000000000000B6
:107AD00000000000000000000000000000000000A6
:107AE0000000000000000000000000000000000096
:107AF0000000000000000000000000000000000086
:107B00000000000000000000000000000000000075
:107B10000000000000000000000000000000000065
:107B20000000000000000000000000000000000055
:107B30000000000000000000000000000000000045
:107B40000000000000000000000000000000000035
:107B50000000000000000000000000000000000025
:107B60000000000000000000000000000000000015
:107B70000000000000000000000000000000000005
:107B800000000000000000000000000000000000F5
:107B900000000000000000000000000000000000E5
:107BA00000000000000000000000000000000000D5
:107BB00000000000000000000000000000000000C5
:107BC00000000000000000000000000000000000B5
:107BD00000000000000000000000000000000000A5
:107BE0000000000000000000000000000000000095
:107BF0000000000000000000000000000000000085
:107C00000000000000000000000000000000000074
:107C10000000000000000000000000000000000064
:107C20000000000000000000000000000000000054
:107C30000000000000000000000000000000000044
:107C40000000000000000000000000000000000034
:107C50000000000000000000000000000000000024
:107C60000000000000000000000000000000000014
:107C70000000000000000000000000000000000004
:107C800000000000000000000000000000000000F4
:107C900000000000000000000000000000000000E4
:107CA00000000000000000000000000000000000D4
:107CB00000000000000000000000000000000000C4
:107CC00000000000000000000000000000000000B4
:107CD00000000000000000000000000000000000A4
:107CE0000000000000000000000000000000000094
:107CF0000000000000000000000000000000000084
:107D00000000000000000000000000000000000073
:107D10000000000000000000000000000000000063
:107D20000000000000000000000000000000000053
:107D30000000000000000000000000000000000043
:107D40000000000000000000000000000000000033
:107D50000000000000000000000000000000000023
:107D60000000000000000000000000000000000013
:107D70000000000000000000000000000000000003
:107D800000000000000000000000000000000000F3
:107D900000000000000000000000000000000000E3
:107DA00000000000000000000000000000000000D3
:107DB00000000000000000000000000000000000C3
:107DC00000000000000000000000000000000000B3
:107DD00000000000000000000000000000000000A3
:107DE0000000000000000000000000000000000093
:107DF0000000000000000000000000000000000083
:107E00000000000000000000000000000000000072
:107E10000000000000000000000000000000000062
:107E20000000000000000000000000000000000052
:107E30000000000000000000000000000000000042
:107E40000000000000000000000000000000000032
:107E50000000000000000000000000000000000022
:107E60000000000000000000000000000000000012
:107E70000000000000000000000000000000000002
:107E800000000000000000000000000000000000F2
:107E900000000000000000000000000000000000E2
:107EA00000000000000000000000000000000000D2
:107EB00000000000000000000000000000000000C2
:107EC00000000000000000000000000000000000B2
:107ED00000000000000000000000000000000000A2
:107EE0000000000000000000000000000000000092
:107EF0000000000000000000000000000000000082
:107F00000000000000000000000000000000000071
:107F10000000000000000000000000000000000061
:107F20000000000000000000000000000000000051
:107F30000000000000000000000000000000000041
:107F40000000000000000000000000000000000031
:107F50000000000000000000000000000000000021
:107F60000000000000000000000000000000000011
:107F70000000000000000000000000000000000001
:107F800000000000000000000000000000000000F1
:107F900000000000000000000000000000000000E1
:107FA00000000000000000000000000000000000D1
:107FB00000000000000000000000000000000000C1
:107FC00000000000000000000000000000000000B1
:107FD00000000000000000000000000000000000A1
:107FE0000000000000000000000000000000000091
:107FF0000000000000000000000000000000000081
:10800000083A0020F9B80001BDDC0001BDDC000128
:10801000BDDC0001BDDC0001BDDC0001BDDC0001F8
:10802000BDDC0001BDDC0001BDDC0001691B80007E
:10803000BDDC0001BDDC00010D1B8000CF12800003
:10804000BDDC00013DD20001BDDC0001BDDC000152
:10805000BDDC0001BDDC0001BDDC0001BDDC0001B8
:10806000BDDC0001BDDC0001BDDC0001BDDC0001A8
:10807000BDDC0001BDDC0001BDDC00010D0E800097
:10808000BDDC0001BDDC0001BDDC0001BDDC000188
:10809000BDDC0001BDDC0001BDDC0001BDDC000178
:1080A000BDDC0001BDDC0001BDDC0001BDDC000168
:1080B000BDDC0001BDDC0001BDDC0001BDDC000158
:1080C000BDDC0001BDDC0001BDDC0001BDDC000148
:1080D000BDDC0001BDDC0001BDDC0001BDDC000138
:1080E000BDDC0001BDDC00010DBE0001EDBD0001E5
:1080F000BDDC0001BDDC0001BDDC0001BDDC000118
:10810000BDDC0001BDDC0001BDDC0001BDDC000107
:10811000BDDC0001BDDC0001BDDC0001BDDC0001F7
:10812000BDDC0001BDDC0001BDDC0001BDDC0001E7
:10813000BDDC0001BDDC0001BDDC0001BDDC0001D7
:10814000BDDC0001BDDC0001D1C00001BDDC0001CF
:10815000BDDC0001BDDC0001BDDC0001BDDC0001B7
:10816000BDDC0001BDDC0001ED0E8000BDDC0001C6
:10817000BDDC0001BDDC0001BDDC0001BDDC000197
:10818000BDDC0001BDDC0001BDDC0001BDDC000187
:10819000BDDC0001BDDC0001BDDC0001BDDC000177
:0881A000BDDC0001BDDC0001A3
:1081A800014B1868704700BF5C5400200B4B1B6FD5
:1081B80003F00703013B042B04D8DFE803F00D04A8
:1081C800070B0900FEE7064B18687047054BFBE7ED
:1081D800054BF9E70548704705487047004080405F
:1081E8005C540020645400205854002080D5430279
:1081F800002D310108B5FFF7D9FF054B1B6FC3F3FD
:1082080003330133B0FBF3F0024B186008BD00BF25
:10821800004080405454002000487047002D310130
:10822800014B1868704700BF64540020004870472D
:1082380080D543024FF40022074B5A66074B9B68D0
:1082480013F4E04FC3F3023204D0012A044818BFE4
:1082580000207047034870470050804000001040DD
:10826800005A6202002D3101014B1868704700BFA7
:10827800605400204FF4004070474FF47A70704704
:1082880009B100F009B822207047012100F06EB949
:10829800002100F06BB9000070B504460D4600F0EF
:1082A800CFFC06461D2C00F25A81DFE814F01E00B0
:1082B800270058012A0034003F002E0156006100B3
:1082C80058017A00DF007E0092005801580196009C
:1082D800A9005801AD005801B10058014601F3004A
:1082E80058010A01CB0058013E01FFF75FFF002447
:1082F8002860304600F09FFC204670BDFFF77AFFEB
:10830800F5E7994B1C6FFFF775FFC4F38024013420
:10831800B0FBF4F0EBE7944B1C6FFFF76BFFC4F373
:1083280080240134B0FBF4F04008E0E78E4BD3F82A
:108338008000D3F88030C0F3011003F00303022B50
:1083480000F1010400F0D880032B00F0D880012B45
:1083580040F08180FFF72AFFDAE7FFF727FF824B1B
:10836800D3F89030C3F304430133B0FBF3F0BEE716
:108378007D4BD3F8203103F00703013B052B6AD866
:10838800DFE813F00600E7000C0009000600E7002C
:10839800FFF706FFABE7FFF74DFFA8E7FFF73CFF46
:1083A800A5E7714BD3F82831E5E76F4BD3F8403197
:1083B80003F00303022B06D0032B07D0012B4AD16D
:1083C800FFF758FF93E7FFF74FFF90E7FFF755FFD9
:1083D8008DE7654BD3F86031EAE7634BD3F8003299
:1083E80003F00703013B032B35D801A252F823F011
:1083F80021028000270280002D0280006102800097
:10840800FFF7F8FE800A72E7574BD3F84032CFE700
:10841800554BD3F8203203F00703013B032B1AD83E
:1084280001A252F823F000BF99028000F7018000F2
:10843800210280002702800029460A20FFF72CFF2E
:10844800044656E7484BD3F8703203F00303012B78
:1084580005D0022B06D0002302242B6049E72946C9
:108468000C20EBE700230F242B6042E73E4BD3F8A8
:10847800A83203F00703013B032BECD801A252F802
:1084880023F000BFF1018000B3038000FD018000EC
:10849800F7018000344BD3F8AC3203F00703013BFB
:1084A800032BD8D801A252F823F000BF1D03800087
:1084B800F7018000210280002702800029460B2056
:1084C800BCE7294BD3F8B002D3F8B03200F03F0034
:1084D80003F4E063B3F5407F00F1010412D008D83B
:1084E800B3F5807F0BD0B3F5007FB4D1FFF798FECA
:1084F8000EE7B3F5806FAED1FFF79CFE08E7FFF7F4
:108508004FFE05E7FFF788FE02E7174BD3F88031E7
:1085180003F00303022B3FF441AF032B3FF43BAFBF
:10852800012B98D12946082088E74FF0E0231B69E2
:1085380029465B0794D5012080E70B4BD3F800311F
:1085480003F00303022B3FF43EAF032B04D0012BAF
:1085580081D1FFF765FECAE6FFF768FEC7E600238C
:1085680021242B60C5E600BF0040804070B50D4651
:1085780008B3036813F4E07F03F03F06C3F38212E5
:1085880012D0012A12D0032A15D10C4C9B0603D510
:1085980074210B480DF070DC55B104F580540123AB
:1085A8000020B340236070BD064CEFE7064CEDE7B2
:1085B80004F50054F3E70E20F5E700BFB44280400D
:1085C80028ED00016440804068408040F8B5164FAF
:1085D80005463B78834218D0144B1A6840F20123B1
:1085E8009A4212D9A0B10B2819D1114C6379C3B999
:1085F80000F026FB214606460E4800F059FA0446CC
:10860800304600F018FB0CB93D7000242046F8BD38
:1086180000F016FB0646074800F02EFAEFE7212483
:10862800F4E70E24F2E700BFDC540020444A00209F
:10863800DD540020484A002010B5044628B90F48E8
:10864800EF210DF019DC222010BD037893B1013B16
:10865800DBB2022B05D80A4AD35C6278D340DB0729
:1086680003D4F22105480DF007DC204600F036F867
:108678000020E9E740F2FF13EFE700BFE2EA00015C
:1086880050EB000110B5044620B94FF4D8711048DA
:108698000DF0F2DB2378BBB1013BDBB2022B05D82E
:1086A8000C4AD35C6278D340DB0704D440F2B311A0
:1086B80007480DF0E1DB0122637821789A403023E6
:1086C8005943054B5A5010BD40F2FF13EAE700BF6B
:1086D80053EB000135EC000140D0834010B504464F
:1086E80020B940F2972110480DF0C6DB2378BBB1C2
:1086F800013BDBB2022B05D80C4AD35C6278D3402D
:10870800DB0704D440F29A2107480DF0B5DB0122BB
:10871800637821789A4030235943054B5A5010BD4D
:1087280040F2FF13EAE700BF53EB000135EC00010C
:1087380040F083404FF023435A68D20702D5DA69E4
:10874800002AF9D17047000040B94FF023435A6816
:10875800D20702D59A6E002AF9D170473A2101480A
:108768000DF08A9BABEC000110B9044B59657047BA
:1087780040F2A91102480DF07F9B00BF001000A332
:10878800ABEC000110B9044B5965704740F2DF119A
:1087980002480DF0719B00BF002000A3ABEC000164
:1087A80010B9044B1965704740F2152102480DF0C5
:1087B800639B00BF002000A3ABEC000108B518B90B
:1087C8004FF02343186D08BD034840F24A210DF0CD
:1087D80053DB0020F7E700BFABEC000138B50446D7
:1087E8000D46FFF7B1FF14B91DB1012D05D00020CA
:1087F80002E04FF02343D86D38BD4FF02343186E85
:10880800FAE770B506460D461446FFF79DFF16B900
:1088180015B1012D04D070BD4FF02343DC65FAE794
:108828004FF023431C66F6E70146064802688A4271
:1088380005D843681A44914228BF00207047002099
:10884800704700BF704A002038B5054600F0EFF9C0
:108858004FF400410D4A0E4B9B6E916602F53C3277
:10886800546803F40043E443012204F0010455B1C1
:1088780008494A601BB94FF40042074B9A6600F05A
:10888800D1F9204638BD0549F3E700BF00508040C4
:10889800004080400060834000608040005083407A
:1088A800B0F5A02F08B50DD016D8B0F5003F27D0E9
:1088B8000AD840B1B0F5803F24D040F239111548AC
:1088C8000DF0DADA012008BDB0F5403F1CD0B0F554
:1088D800802FF2D14B20F6E7B0F5202F16D007D81D
:1088E800B0F5C02FEED0B0F5E02FE6D12120EAE7B1
:1088F800B0F5302F0CD0B0F57F0FDED10620E2E7BF
:108908002A20E0E74820DEE72C20DCE71020DAE721
:108918001120D8E76CF2000108B54FF0FF31054887
:1089280000F079FB28B94FF48062034B9A66BFF3D5
:108938004F8F08BD984D0020005080404FF4806252
:10894800024B03489A6600F084BB00BF0060804079
:10895800984D002070B50446002855D0FFF7DCFF7D
:10896800034600284ED194F825602EB1FFF76CFF1E
:1089780001220646254B1A70204600F023F994F888
:1089880024304BB94FF085435A6CD202FCD55D6D4B
:108998001B6805F4702512E04FF08545AB6D43F078
:1089A8000203AB6500F086FD02281BD0AB6D23F0F7
:1089B8000203AB654FF4A022154B1D681A6094F8AA
:1089C800253033B116B10120FFF73EFF00220F4BCF
:1089D8001A70FFF7B3FF0346A5B12846BDE87040FB
:1089E800FFF75EBF0B4B4FF0FF31186E00F036FFFC
:1089F800AB6D23F00203AB650028DBD02B68FFF7D3
:108A08009DFF0123184670BD2123FBE74E5400202B
:108A180070540020344D002008B528B128220021C8
:108A280000F008FD002008BD2120FCE7012310B557
:108A380080F825300446FFF78DFF002384F82530A1
:108A480010BD000038B51546044688B182B1002330
:108A5800084A8360C0E90023036200F0A3F82046B7
:108A6800294600F09FF82046BDE83840FFF7DEBFF2
:108A7800212038BD000062FF13B501A9044600F0AB
:108A88006BF880B940F20123019A9A420DD96FF42C
:108A98008072A3F56B031344C4E90030A060206220
:108AA8002046FFF757FF02B010BD0F20FBE700007C
:108AB8002DE9F74391F800800446A8F10603052B39
:108AC80042D8B1F80150B5F5006F3DD2CF78052FE7
:108AD8003AD80E79032E37D891F8059019F0FD0F82
:108AE80032D101A900F038F8E8B940F20122019B1F
:108AF80093421BD9164B4946C4E90030A060206256
:108B0800204600F04FF8204645EA084100F04AF8B0
:108B18003946204600F046F83146204600F042F833
:108B28002046FFF717FF03B0BDE8F083B3F5007FD9
:108B38000CD3084B4946C4E90030A06020622046A7
:108B480000F030F82946E8E72120ECE70F20EAE7B3
:108B5800000215FF000015FF10B50C46D0B1C9B1D1
:108B680000F065F80C4B0D495A6E4FF48033D20370
:108B78004B6601F5DE21D1F80C1658BF084A216072
:108B880058BF536600F04EF80020236823F07F4357
:108B9800236010BD2120FCE7004080400050804049
:108BA80000608040036A042B03D9F52104480DF0C6
:108BB800639900EB83020133D1600362704700BF01
:108BC80004F30001036A052B17D84FF08542116C96
:108BD800C902FCD5002105339B00136511600168AB
:108BE800143B11604168116050F8081F11604FF084
:108BF80085420344984205D1704740F20711034863
:108C08000DF03A9950F8041F1160F3E704F30001DE
:108C1800836813B9816070475B685A68012AFBD181
:108C28005960704710B962B6BFF36F8F7047EFF3A2
:108C3800108072B6704780F31188BFF36F8F70474A
:108C4800EFF31180302383F311887047EFF310831B
:108C5800DB0706D4EFF311802F2894BF00200120F2
:108C6800704701207047000030B50E4C4161236801
:108C78008BB9206083600DE0891A9A681D464161AE
:108C88006AB113465A698A42F6D935B1A860521AB0
:108C980083605A6130BD0025F4E72060F7E79860EB
:108CA8008260F7E7A44A00200D490B68A0B10022B2
:108CB800A3B1834203D1836822B90B6003E01A464B
:108CC8009B68F5E7936083680BB9002070475A6981
:108CD80041690A445A61F8E7222070470220704728
:108CE800A44A002038B500F0EDF80025084B094CDF
:108CF8001A682368C31A2AB123B15169994203D368
:108D0800C91A5161206038BD55615B1A9268F2E753
:108D1800A44A0020A04A002038B5154D2B682BB373
:108D28005B69A3B1134A022014681C4400F0E2F8FE
:108D3800204600F0E9F800230F492A680B7022B199
:108D4800D08880070AD501230B70002038BD022087
:108D580000F0D0F8022000F021F9ECE79268002A30
:108D6800F3D050690344012BEAD9EEE72220EDE75E
:108D7800A44A0020A04A00204B540020C2072DE935
:108D8800F843044607D54B4A136801331360FFF7CD
:108D9800A9FFFFF7C1FFA30740F18A80FFF750FF43
:108DA8004FF0000805464646FFF79CFF424F3C68D7
:108DB8000CB16369A3B10022404B012E1A7003D194
:108DC80018F0020F18BF1E70FFF7A6FF222802D165
:108DD800022000F0D1F82846BDE8F843FFF72BBF82
:108DE80023465A693AB91A792179914288BF1C46B3
:108DF8009B68002BF5D12846FFF71DFF2569DDB1DB
:108E080000F060F8A269A0EB02084FEAE873A845F1
:108E180073F1000311DB23691344A361E36813B101
:108E2800204621689847B4F80680FFF709FF013605
:108E38000546FFF757FFBAE7A846FFF701FF814647
:108E48002046FFF731FF4846FFF7F5FE2369002B60
:108E5800E4D0B5EB08054FEAE87363EB4303012D53
:108E680073F1000304DA40F27C6115480DF004D870
:108E7800A38B33B1E28B13449BB2B3F57A7F0FD245
:108E8800E383FFF7DDFE804629462046FFF7ECFE28
:108E9800A369226940461344A361FFF7CCFEBDE7EE
:108EA800A3F57A73E383A369013D013BA361E8E776
:108EB800BDE8F883AC4A0020A44A00204A540020A8
:108EC80024F1000108B5FFF735FC4FF023439869FA
:108ED80008BD00210846FFF781BC000007B5044B18
:108EE80001A91879FFF7CCF9019803B05DF804FBE4
:108EF800DCEE000100F00101830748BF41F00201E8
:108F08000020FFF731BC0000F8B50446FFF78FFEDC
:108F18000746FFF70FFC4FF023439D69FFF7D9FF82
:108F280006460020FFF74AFC830704D4731B032B73
:108F380001D8AE420FD10021631B022B98BFEC1C55
:108F48000846B4F1FF3F2CBF2246621EFFF759FCCA
:108F58000220FFF7CFFF3846FFF764FE044B1A786C
:108F680022B10121034A916500221A70F8BD00BFA1
:108F7800E4540020001000A3830700F0010106D587
:108F88000123044A41F002011370034A936500204B
:108F9800FFF7F8BBE4540020002000A3830742BF7A
:108FA8000222014B1A657047001000A338B5FFF77D
:108FB80047FE04460020FFF701FC830700F0010587
:108FC80048BF45F0020500F003010020FFF7E8FB69
:108FD8002846FFF7D3FE2046BDE83840FFF72BBEF2
:108FE80070B50546A8B1FFF722FE0646286E00F0C8
:108FF800B8FB044640B100F014FB844209BF6C6D15
:109008000124E44304F001043046FFF70BFE204638
:1090180070BD0124FBE738B50D460446B8B100F031
:1090280049FA02280FD1FFF711FE20B12046BDE80A
:109038003840FFF7D5BF2946206E00F04BFB0038BB
:1090480018BF012038BD0328F0D00020FAE701201E
:10905800F8E710B50446B0B100F02CFA02280ED19A
:10906800FFF7F4FD20B12046BDE81040FFF7B8BF78
:10907800206E00F054FB003818BF012010BD0328F3
:10908800F1D00020FAE70120F8E7000008B54FF01A
:1090980082439A6A12F0340F1CBF34221A63074BBA
:1090A8001B7A53B100F006FA0238012805D8044BA0
:1090B800186EBDE8084000F0FFBB08BD74540020DE
:1090C800004E002001280BD8074B5B68C3F3080348
:1090D80043B90C22054B06481B6802FB0300704786
:1090E800002070470348704700ED00E0FC4D002069
:1090F80074540020805400204368BFF34F8F5858A1
:10910800BFF34F8F70474368BFF34F8F5A50BFF379
:109118004F8F704753B94AB9002908BF00281CBFB0
:109128004FF0FF314FF0FF3000F082B9ADF1080C7D
:109138006DE904CE00F006F8DDF804E0DDE902236D
:1091480004B070472DE9F04F099D0C46002B4DD116
:109158008A420F4684469646B2FA82F360D94BB1EA
:1091680002FA03FEC3F120029F4000FA03FC20FA32
:1091780002F217434FEA1E461FFA8EF44FEA1C42CA
:10918800B7FBF6F106FB117701FB04F042EA074250
:10919800904208D91EEB020201F1FF3702D2904239
:1091A80000F231813946121A1FFA8CFCB2FBF6F034
:1091B80006FB102200FB04F44CEA024C644508D973
:1091C8001EEB0C0C00F1FF3202D2644500F21E8146
:1091D800104640EA0140ACEB040C002125B12CFA02
:1091E80003F30022C5E90032BDE8F08F8B4205D9B0
:1091F8000DB1C5E9000100210846F5E7B3FA83F18E
:1092080000294DD1A342C0F0F380904280F0F08055
:10921800064623460846002DE6D0C5E90063E3E785
:10922800002B40F0A3808A1A4FEA1E471FFA8EF6D9
:109238000121B2FBF7F407FB14204FEA1C4242EA73
:10924800004206FB04F090420FD91EEB020204F123
:10925800FF382CBF4FF001094FF00009904203D9A5
:10926800B9F1000F00F0CC804446121A1FFA8CFCAA
:10927800B2FBF7F007FB102200FB06F64CEA024CA3
:10928800664508D91EEB0C0C00F1FF3202D2664588
:1092980000F2B3801046ACEB060C40EA04409DE7B0
:1092A800C1F120068B4004FA01FE22FA06F720FAE3
:1092B80006FCF4408A401F434EEA0C0300FA01FE04
:1092C8004FEA17484FEA13491FFA87FCB4FBF8F036
:1092D80008FB104449EA044400FB0CF9A1450ED9E7
:1092E8003C1900F1FF3A2CBF4FF0010B4FF0000B77
:1092F800A14503D9BBF1000F00F08B805046A4EBC9
:1093080009041FFA83F9B4FBF8F308FB134403FBC1
:109318000CFC49EA0444A44506D93C1903F1FF387A
:1093280001D2A4457BD8434643EA0040A4EB0C0491
:10933800A0FB02984445CC46434602D306D1CE450D
:1093480004D20138B9EB020C68EB0703002D6CD08E
:10935800BEEB0C0264EB030422FA01F304FA06F6EE
:10936800CC4000211E43C5E900643DE702FA03FE34
:10937800C3F1200104FA03F200FA03FCCC404FEADF
:109388001E4720FA01F11FFA8EF6B4FBF7F00A43E4
:1093980007FB1044110C41EA044100FB06F48C421F
:1093A8000ED91EEB010100F1FF382CBF4FF0010967
:1093B8004FF000098C4202D9B9F1000F2CD0404679
:1093C800091B92B2B1FBF7F407FB141142EA014200
:1093D80004FB06F1914207D91EEB020204F1FF38A3
:1093E80001D291421ED84446521A44EA004120E76D
:1093F800861A64EB030301200DE7F44402384AE7B8
:10940800023C724431E702397244CCE6F444023833
:10941800DFE602383C4472E702387144D0E7023B89
:109428003C4481E7023C7244DEE72946DCE600BFA3
:10943800704700BF02440346934200D1704703F8C7
:10944800011BF9E710B5EFF3058414B10124204698
:1094580010BD01F0D1FE0128F9D0EFF31083002BE5
:10946800F4D1EFF31184003C18BF0124EFE708B5ED
:109478004FF0E0231B6901F0BFFE012803D0BDE8CF
:10948800084000F0ADBB08BD08B5FFF7DBFF48B9E1
:1094980001F0B2FE0128034607D1054A106820B939
:1094A800136008BD6FF00500FBE74FF0FF30F8E7E9
:1094B8007043002008B501F09FFE38B1022804D09F
:1094C800034B1868431E5842584108BD0320FCE767
:1094D8007043002010B5FFF7B5FF044668B901F0E6
:1094E8008BFE01280CD1084B1A68012A08D10222E8
:1094F8001A6001F093FB204610BD6FF00500FBE7F2
:109508004FF0FF30F8E700BF7043002010B5FFF7B9
:1095180099FF044640B901F06FFE40B1022808D116
:1095280001F0CAFB204610BD6FF00500FBE70120E3
:10953800F9E74FF0FF30F6E710B50446FFF782FF72
:10954800B0B901F059FE30F0020314D1012C03D157
:1095580001F0B2FB204610BD6CB901F07FFC012878
:10956800F8D001F049FE841E18BF4FF0FF34F1E730
:109578006FF00504EEE74FF0FF34EBE700232DE929
:10958800F04186B005460E4690460593FFF75AFF10
:1095980000BBFDB1B8F1000F3DD0D8F818402CB190
:1095A800631E372B03D906B0BDE8F0811824D8F81C
:1095B8000430DB0733D4D8F814306BB19A08D8F8E4
:1095C8000010D8E902704FB1572803D9D8F8100015
:1095D80000B1B3B90598E6E7A022F0E70028F9D171
:1095E800D8F81030002BF5D105AB013C0193284683
:1095F8003346009401F0F4F901281CBF00230593B9
:10960800E8E7013CCDE9010733462846009401F01C
:1096180015FA0590DEE741461824A022E4E7002069
:10962800C1E701F0DDBD38B50546FFF70BFF04467D
:1096380050B965B1284601F0A7FA04280AD028468F
:1096480001F04EFA204638BD6FF00500FBE76FF0D9
:109658000300F8E76FF00200F5E738B50546FFF7B5
:10966800F1FE10B10024204638BD25B9BDE83840C8
:10967800012000F0B5BF6B681A07F3D4D5E90212D0
:1096880003F0010379B14F2AECD99BB1042001F012
:109698000FF804460028E5D0296809B100F0AAFEB1
:1096A80044F00104DFE7002ADCD17BB1042000F09C
:1096B80097FFEEE7012000F0FBFF04460028D1D019
:1096C80029680029CFD000F095FECCE7012000F0F2
:1096D80087FFF2E7F8B505460C4620F0010600F0D2
:1096E8000107FFF7AFFEA0B9012D15D92146304675
:1096F80067B100F041FE012801D10020F8BD002C1F
:1097080014BF6FF001006FF00200F7E700F076FD7C
:10971800F1E76FF00500F1E76FF00300EEE770B5D1
:10972800044620F0010500F00106FFF78BFE90B912
:10973800012C13D946B1284600F03EFE01280CBF83
:1097480000206FF0020070BD33463246314628468D
:1097580000F08CFBF2E76FF00500F4E76FF0030010
:10976800F1E7012810B50ED920F00104FFF76AFED1
:1097780020B12046BDE8104000F0EEBD2046BDE80F
:10978800104000F0D3BD002010BD70B5054620F094
:109798000106FFF757FE044648B9012D0AD930469D
:1097A80000F050FE304600F06DFE204670BD6FF0B0
:1097B8000500FBE76FF00300F8E773B504460E46B3
:1097C8001546FFF73FFE70BB6CB3B4422BD35DB9AF
:1097D800012C3BD120460322002100F0D1FE044693
:1097E80008B396B905B32AE0D5E90232CBB14F2ABE
:1097F80019D9012C1BD103220146009202462046AA
:1098080000F010FF044670B1CEB1002320461A467E
:10981800194600F02BFB0128E4D0204600F032FE68
:1098280001E0002AD4D00024204602B070BD2046B2
:109838001A46314600F04AFF04460028F3D029684A
:109848000029F1D0204600F0D5FDEDE7204631464D
:1098580000F0D2FE04460028C4D1E4E737B50C4630
:10986800054618B96FF0030003B030BDFFF7EAFDF5
:10987800B8B1002CF6D12146284601AA019400F07F
:109888006FFC012802D06FF00200EDE7019B0BB9D5
:109898000020E9E74FF0E0234FF08052C3F8042D91
:1098A800F6E72146284600F0A9FC0128F0D0002C54
:1098B800E9D06FF00100D7E713B5044608B3FFF706
:1098C800C1FD0346A8B10023204601A9019300F079
:1098D800F9FB012803D06FF0020002B010BD019B14
:1098E8002BB14FF0E0234FF08052C3F8042D002035
:1098F800F3E702460146204600F0B8FA0128F6D000
:10990800E9E76FF00300E8E738B50546FFF79AFD89
:10991800044640B955B1284600F094FD284600F0A9
:10992800B1FD204638BD6FF00500FBE76FF003007E
:10993800F8E70000034B0360034B0B60A0231360A0
:10994800704700BF1843002098400020034B036075
:10995800034B0B60A0231360704700BF40400020FA
:10996800C03D00204FF0FF3200F10803C0E9022398
:10997800436003610023036070470023036170475D
:1099880030B50C68631C0AD103695A684A60916053
:109998008B605960036808610133036030BD00F1D2
:1099A8000802134652681568A542FAD9EDE74368DC
:1099B8009A684B608A605160996003680861013356
:1099C800036070470369D0E901128A6051605968E1
:1099D800814208BF5A600022026118680138186085
:1099E8007047000010B54FF0807440E90224184A0F
:1099F8004FF0123440F80C2C4FF003324FF0023C79
:109A080040E905244FF0013240F8203C40E9072C9A
:109A18004FF010334FF011324FF0093440E90A3259
:109A28004FF008334FF0073C40E90C344FF0063351
:109A38004FF0053240E90E3C4FF0043340E9103254
:109A48006FF0430340F8443C40F8481D10BD00BF88
:109A5800ADBA00014FF0E0220423136100234FF454
:109A68007A719361044B1B68B3FBF1F3013B5361BB
:109A780007231361704700BF545400204FF0E023C0
:109A880013B5D3F8084D374BE26A9A4204D04FF425
:109A9800C96135480CF0F0D9A26B344B9A4204D016
:109AA80040F2496130480CF0E7D900234FF07F427B
:109AB80001934FF0E023C3F81C2DD3F81C3D2C4A2A
:109AC8001B0E8DF803309DF8033003F0300313703C
:109AD80023B940F2676124480CF0CED99DF80330D1
:109AE800DB4313F0300F04D040F26B611E480CF0DA
:109AF800C3D99DF8033013F0800F019B29D1082B9F
:109B08000CBF0023019B1B4A18BFC3F107031B02AC
:109B180003F4E06313604FF0E0230024D3F8202D12
:109B280042F47F02C3F8202DD3F8202D42F07F4263
:109B3800C3F8202DC3F81C4DFFF78CFF0E4B1C609B
:109B480000F092F801F0F8FA0AF080D8204602B046
:109B580010BD013301939DF803305B00DBB28DF833
:109B68000330C6E7691B800057E900010D1B800020
:109B7800A753002074430020685400204FF0E023CE
:109B88004FF08052C3F8042DBFF34F8FBFF36F8F90
:109B98007047000008B500F077F8044A13680133ED
:109BA8001360BFF34F8FBFF36F8F08BD6854002059
:109BB80010B5094C236823B940F2D63107480CF098
:109BC8005BD92368013B2360206818B9BDE81040C1
:109BD80000F065B810BD00BF6854002057E90001C7
:109BE80010B500F051F8044601F07AF828B14FF0AA
:109BF800E0234FF08052C3F8042D2046BDE8104002
:109C080000F04DB8836913F8023C662B0FD14FF072
:109C1800E023D3F8882D42F47002C3F8882DD3F8D6
:109C2800342F42F04042C3F8342F00F007B840F216
:109C38006A4101480CF0209957E90001094A116866
:109C4800086806C881F30B88022181F31488203044
:109C580080F30988BFF36F8F4FF0000080F31188FD
:109C680010470000C448002006480068006880F3D8
:109C7800088862B661B6BFF34F8FBFF36F8F66DF98
:109C880000BF000008ED00E0EFF311804FF0300155
:109C980081F31188BFF34F8FBFF36F8F704780F345
:109CA8001188BFF34F8FBFF36F8F7047EFF30980B1
:109CB8001EF0100F08BF20ED108AEFF30B827346D9
:109CC80020E9FC0F0F4A116808604FF0300080F35C
:109CD8001188BFF34F8FBFF36F8F01F02DFA4FF04C
:109CE800000080F31188074A11680868B0E8FC0F83
:109CF80013F0100F08BFB0EC108A82F30B8880F3C2
:109D080009881847C44800201EF0040F0CBFEFF361
:109D18000880EFF30980014908470000651A8000B0
:109D280010B5044600F0C8FF20460CF0B7D9044629
:109D380001F094F8204610BD10B5044640B100F07B
:109D4800BBFF20460CF0BFDABDE8104001F086B832
:109D580010BD70B50446FFF71DFF94F8455004F197
:109D680024066DB2002D14DCFF2384F84530FFF77C
:109D78001FFFFFF70FFF94F8445004F110066DB26F
:109D8800002D12DCFF2384F84430BDE87040FFF753
:109D98000FBF636A002BE7D0304601F06BF908B1BA
:109DA80001F024FA013D6DB2DCE72369002BE9D00C
:109DB800304601F05FF908B101F018FA013D6DB2C3
:109DC800DEE710B50446FFF7E5FEA46BFFF7F0FEEB
:109DD800B4FA84F0400910BD70B51646026C04460A
:109DE800856B42B906689EB9806801F05BFAA66087
:109DF8000135A56370BD6EB940680CF017DE636865
:109E0800226C1344A2686360934224BF2368636092
:109E18000020EDE7C0680CF009DE226CE3685142CF
:109E28009B1A2268E36093423EBFA3685B18E36015
:109E3800022EEDD10DB1013DEAE72846D8E70346E9
:109E48001A6C084610B46AB1DC68996814448C42EC
:109E580028BF1968DC6028BFD960D9685DF8044B51
:109E68000CF0E49D5DF8044B70470000F0B585B038
:109E78000E461D460446019220B940F27331494806
:109E88000BF0FADF36B9236C23B14FF45D71454806
:109E98000BF0F2DF022D07D1E36B012B04D040F267
:109EA800753140480BF0E8DF01F0A6F930B9019BA5
:109EB80023B14FF45E713B480BF0DEDFFFF76AFE1B
:109EC800A26BE36B9A421FD22A4631462046FFF71F
:109ED80083FF636A1BB104F1240001F0CBF808B1D9
:109EE800FFF74CFEFFF764FE012005B0F0BDFFF759
:109EF80051FEA26BE36B9A42E6D30123019A42B961
:109F0800FFF756FE0020F0E7022DDDD000231F46A4
:109F1800F4E713B902A801F065FAFFF749FE00F06B
:109F2800CBFEFFF737FE94F84430FF2B08BF84F8C8
:109F3800447094F84530FF2B08BF84F84570FFF74C
:109F480037FE01A902A801F059FA20BBFFF722FE4B
:109F5800A26BE36B9A4210D1FFF72AFE019904F134
:109F6800100001F03FF82046FFF7F3FE00F076FFFF
:109F78000028BCD1FFF702FE06E0FFF719FE2046D5
:109F8800FFF7E7FE00F06AFFFFF704FEA36BE26B42
:109F98009A42B2D998E72046FFF7DBFE00F05EFF51
:109FA800B0E700BFD0E9000138B100231A461946CE
:109FB80083600360C360FFF759BF7047F0B585B091
:109FC8000E460446019220B940F23A513C480BF043
:109FD80053DF36B9236C23B140F23E5138480BF0B9
:109FE8004BDF01F009F930B9019B23B140F243512D
:109FF80033480BF041DFFFF7CDFDA56B9DB131462E
:10A008002046FFF71CFF2369013DA56333B104F126
:10A01800100001F02FF808B1FFF7B0FDFFF7C8FDF9
:10A02800012005B0F0BD019BABB302A801F0DAF93D
:10A038002F46FFF7BDFD00F03FFEFFF7ABFD94F89C
:10A048004430FF2B08BF84F8447094F84530FF2B48
:10A0580008BF84F84570FFF7ABFD01A902A801F01D
:10A06800CDF910BB2046FFF7ACFEC0B1019904F151
:10A07800240000F0B7FF2046FFF76BFE00F0EEFE6D
:10A0880008B9FFF77BFDFFF785FDA56B002DB6D15D
:10A09800019B002BCDD1FFF78BFD0020C1E72046A7
:10A0A800FFF757FE00F0DAFEEDE72046FFF751FE16
:10A0B80000F0D4FE2046FFF784FE0028E3D0ECE74A
:10A0C800D0E90001F8B50E46044620B940F2B24185
:10A0D80022480BF0D1DE236C23B140F2B6411F4871
:10A0E8000BF0CADE236833B9A36823B140F2BB4141
:10A0F8001A480BF0C1DE09F0C1DDFFF7C5FDA36BFF
:10A10800E26B07469A4226D994F845200133FF2A84
:10A1180055B2A3630FD1636A3BB104F1240000F088
:10A12800A9FF10B10EB10123336001243846FFF7AF
:10A13800B6FD2046F8BD00F0CDFD8542F5D27F2D55
:10A1480004D140F21E5105480BF096DE01356DB280
:10A1580084F84550E9E70024E8E700BFD0E90001AA
:10A168002DE9F84389469046044620B940F2F66145
:10A1780021480BF081DEB9F1000F06D1236C23B121
:10A1880040F2F7611C480BF077DE09F077DDFFF746
:10A198007BFDA66B0746C6B194F844504946204655
:10A1A8006DB2FFF74CFE013E6B1CA66313D1236909
:10A1B80053B104F1100000F05DFF28B1B8F1000FB1
:10A1C80002D00123C8F8003001263846FFF767FDA2
:10A1D8003046BDE8F88300F07DFD8542F4D27F2D3E
:10A1E80004D14FF4E66104480BF046DE01356DB248
:10A1F80084F84450E8E700BFD0E90001F0B585B025
:10A208000446019120B94FF4B76147480BF034DE9A
:10A21800236C23B140F2BC5143480BF02DDE00F013
:10A22800EBFF30B9019B23B140F2C1513E480BF01E
:10A2380023DE00252E462F46FFF7ACFCA36BA3B107
:10A24800013BA363236813B901F0C2F8A060236936
:10A2580033B104F1100000F00DFF08B1FFF78EFCD8
:10A26800FFF7A6FC012005B0F0BD019B1BB9FFF765
:10A278009FFC0020F7E716B902A801F0B3F8FFF732
:10A2880097FC00F019FDFFF785FC94F84430FF2B8C
:10A2980008BF84F8447094F84530FF2B08BF84F851
:10A2A8004570FFF785FC01A902A801F0A7F810BBCB
:10A2B8002046FFF786FDC0B123683BB9FFF76AFC6B
:10A2C800A06800F0A9FF0546FFF772FC019904F1A8
:10A2D800240000F087FE2046FFF73BFD00F0BEFD9E
:10A2E80008B9FFF74BFC0126A6E72046FFF731FD2A
:10A2F80000F0B4FDF7E72046FFF72BFD00F0AEFDB8
:10A308002046FFF75EFD0028EDD0002DB1D0FFF705
:10A3180041FC616A19B1236B1968C1F13801A06861
:10A3280001F006F8A3E700BFD0E9000110B5044624
:10A3380020B940F2932107480BF09EDDFFF72AFC75
:10A34800236823B9A468FFF733FC204610BD002416
:10A35800F9E700BFD0E9000110B5044620B94FF471
:10A368002D7104480BF088DD23680BB9A06810BD77
:10A378000020FCE7D0E9000170B50D46044620B97D
:10A3880040F206310B480BF077DDA66800F028FF95
:10A39800864204D10120E3680133E36070BD294699
:10A3A8002046FFF72BFF0028F8D0E3680133E3606D
:10A3B800F4E700BFD0E9000138B5044620B94FF4EE
:10A3C80034710B480BF058DDA56800F009FF854291
:10A3D8000BD1E368013BE3600BB1012038BD1A469D
:10A3E80019462046FFF742FDF7E70020F6E700BFD1
:10A3F800D0E9000170B50D46044620B940F6322177
:10A408000E480BF039DDBDB100230D4A1946104640
:10A418005668A64204D100EBC103C3E900540BE01F
:10A428001BB91668002E08BF134601310A2902F12C
:10A438000802EDD1002BF0D170BD00BFD0E90001BA
:10A448007843002010B5044620B940F67B210A481D
:10A458000BF012DD0023094A52F83310D800A1424C
:10A4680006D10021064A42F833100244516010BD5B
:10A4780001330A2BF0D1FAE7D0E900017C43002030
:10A488007843002010B5044620B940F2BB71074854
:10A498000BF0F2DC2046FFF7D5FF94F8463023B9DD
:10A4A8002046BDE81040FFF747BC10BDD0E90001C9
:10A4B80070B504460D461646FFF76CFB94F8443019
:10A4C800FF2B04BF002384F8443094F84530FF2B59
:10A4D80004BF002384F84530FFF76AFBA36B2BB950
:10A4E8003246294604F1240000F096FD2046BDE8D6
:10A4F8007040FFF72EBC000070B50E46044640B110
:10A50800C56B65B91D4840F25B110BF0B5DC002046
:10A5180029E04FF4997119480BF0AEDCF2E7036CAF
:10A52800A3FB0535002DEDD1FFF734FBD4E90F313E
:10A538004B432268A563D0185B1A62601A44FF2354
:10A54800A06084F84430E26084F8453066B9236935
:10A5580033B104F1100000F08DFD08B1FFF70EFBD8
:10A56800FFF726FB012070BD04F11000FFF7FAF990
:10A5780004F12400FFF7F6F9F2E700BFD0E9000183
:10A588002DE9F0410D461746064600B3A1FB0038F9
:10A59800B8F1000F1BD1484310F1510F17D85030B4
:10A5A800FFF7BEFB0446B8B180F846806DB100F1F4
:10A5B800500301212046C4E90F652360FFF79CFF83
:10A5C80084F84C702046BDE8F0810346F1E740F27C
:10A5D8000B2102480BF050DC0024F3E7D0E900011E
:10A5E800024610B500210120FFF7CAFF0446FFF715
:10A5F800DBFC204610BD000010B50C4640B1884277
:10A6080006D302220021FFF7BBFF30B1846310BDDF
:10A618004FF4577102480BF02FDC0020F7E700BF1A
:10A62800D0E90001F7B507460D4616461C463BB172
:10A6380060B91E484FF4CE710BF01EDC002026E0F6
:10A6480040F2731119480BF017DCF2E742B1002908
:10A65800EFD050230193019B502B20D1019B08E0A0
:10A668000029E6D150230193019B502B11D1264696
:10A67800019B01212046C4E90F7584F84610266025
:10A68800FFF73AFF20469DF8203084F84C3003B09D
:10A69800F0BD4FF4C27105480BF0EEDBE7E74FF46D
:10A6A800C27102480BF0E8DBD8E700BFD0E900012F
:10A6B800002213B50B46009011460120FFF7B2FFA8
:10A6C8000446FFF771FC204602B010BD13B51346CF
:10A6D8000C4658B1884209D3022200920022114642
:10A6E800FFF7A0FF38B1846302B010BD40F23B31E0
:10A6F80002480BF0C1DB0020F6E700BFD0E90001FB
:10A7080000222DE9F84306461E4B1F4C1D681F4BBF
:10A718000F46D3F800801E4BD3F8009023682068BA
:10A7280083F856200430FFF74DF9731C14D19FB1FC
:10A73800184B21685A688A6090682168C860216847
:10A7480004314160216804319160226853611A68BC
:10A7580001321A60BDE8F88323682168AD195D608D
:10A7680001F1040104D34846BDE8F843FFF708B9EE
:10A778004046FFF705F9084B1A68AA4288BF1D60D2
:10A78800E8E700BFEC430020C4480020384400201C
:10A7980034440020F4430020D0430020064A1368C4
:10A7A8001968064B19B94FF0FF321A6070471268E2
:10A7B800D2681268F9E700BF38440020D04300206F
:10A7C80010B590F8553004463BB9006BFFF7B4FA62
:10A7D8002046BDE81040FFF7AFBA012BF9D0022B95
:10A7E80006D0BDE8104041F2167102480BF0449BB8
:10A7F80010BD00BF25EA0001F8B50C4C0C4F0D4DFB
:10A80800236803B9F8BDFFF7C5F9FB68DE68301D9A
:10A81800FFF7D8F82B68013B2B602368013B2360C6
:10A82800FFF7C6F93046FFF7CBFFE9E708440020F9
:10A838000C440020F04300202DE9F0410446FFF7C6
:10A84800A9F9304B304E1A68304F01321A6035681A
:10A85800002D4AD134601B68012B1FD1B8464046F1
:10A868000135FFF77FF8382D08F11408F7D1DFF824
:10A87800C480274D4046FFF775F82846FFF772F861
:10A888002448FFF76FF82448FFF76CF82348FFF7D0
:10A8980069F8234BC3F80080224B1D60224A201D13
:10A8A800136801331360214A23641168E36A8B42F9
:10A8B80088BF136014225343F9184A689568A26048
:10A8C800E56068609060FA5861610132FA50FFF7FC
:10A8D8006FF9174B1B689BB13368DA6AE36A9A42CF
:10A8E8000ED2BDE8F041FFF749B9114B1A68E36A87
:10A8F800002AD3D13268D26A9A4298BF3460CDE731
:10A90800BDE8F081F0430020C448002064440020E2
:10A918003C440020204400200C440020F443002044
:10A928003844002034440020D4430020E843002069
:10A93800E44300205044002008B5044CFFF75CFFB6
:10A948002368012BFAD9FFF719F9F7E764440020C7
:10A958002DE9F0470E46DDE9085A0A9C97003A4669
:10A968008046A521206B9946FEF764FD236B043FC2
:10A978001F4427F007076EB1731E04F1330209362E
:10A9880013F8011F02F8011F09B1B342F8D10023DF
:10A9980084F83D30372D05D940F2FB610F480BF0A4
:10A9A8006BDA3725E562A564201DFEF7E6FFC5F1E1
:10A9B800380504F11800FEF7E0FF4B4642463846DA
:10A9C800216B2461A5616462FFF70CF82060BAF17D
:10A9D800000F01D0CAF80040BDE8F08725EA000161
:10A9E8002DE9F043074685B09000884616469946FB
:10A9F800FFF796F90546F0B15820FFF791F904469C
:10AA0800B0B158220021FEF715FD0D9B2563019377
:10AA18000C9B324641463846009302944B46FFF75A
:10AA280097FF2046FFF708FF012005B0BDE8F08337
:10AA38002846FFF781F94FF0FF30F6E72DE9F0439C
:10AA48009846002387B00546DDE90F940E46174661
:10AA58000493B9F1000F22D074B358230593059BD2
:10AA6800582B2FD1582200212046059BFEF7E2FCE7
:10AA7800022384F8553004ABC4F8309001930E9B40
:10AA8800284600933A46434631460294FFF760FF52
:10AA98002046FFF7D1FE049807B0BDE8F08340F2E6
:10AAA800BE410E480BF0E8D934B158230593059BF5
:10AAB800582B0DD1059BEEE740F2BF4107480BF03C
:10AAC800DBD9F2E740F2C74104480BF0D5D9C9E712
:10AAD80040F2C74101480BF0CFD9EBE725EA000166
:10AAE800F8B50446204DFFF755F804B92C68271D22
:10AAF8003846FEF767FFA36A1BB104F11800FEF79A
:10AB080061FF1A4A1A4E1368013313602B68A34277
:10AB1800336800D15BB9174A1368013B1360FFF72C
:10AB28003DFEFFF745F82046FFF74AFE09E03946A3
:10AB38001148FEF73CFF114A136801331360FFF711
:10AB480037F8336873B12B68A3420BD10C4B1B68E1
:10AB580023B140F679010B480BF08ED9BDE8F840D7
:10AB6800FFF70CB8F8BD00BFC4480020D44300204C
:10AB7800E4430020F04300200C4400200844002057
:10AB8800C843002025EA00012DE9F041044620B918
:10AB980040F60E111A480BF06FD91A4B1B68A342E6
:10ABA80026D0FEF7F7FF184BD4F828801F68174BFC
:10ABB80065691E68FEF7FCFF154B98451AD0BD4223
:10ABC8001AD0B54218D0134B9D4209D1A36A9BB93C
:10ABD80094F85430012B14BF03200220BDE8F08103
:10ABE8000D4B9D420AD0002D14BF01200420F5E72B
:10ABF8000020F3E70120F1E70220EFE70420EDE76A
:10AC080025EA0001C44800203844002034440020CC
:10AC180020440020F44300200C44002030B58BB0C1
:10AC280007AB1D461C4A12F8014B03F8014B002CD8
:10AC3800F9D106AA05A904A8CDE90444FEF77AFECD
:10AC4800049B29460293059B069ACDE900431348C5
:10AC58002346FFF7F3FE124B186080B100F072FD37
:10AC6800012805460FD1FFF70FF84FF0FF320D4BC3
:10AC78001A600D4B1D600D4B1C60FEF7FFFE0C4B60
:10AC88001B680BB030BD0135F9D140F66B5109484E
:10AC98000BF0F2D8F3E700BF7AEA000199278000A9
:10ACA800CC430020D0430020E4430020EC430020A4
:10ACB8006C54002025EA0001024A1368013313602E
:10ACC800704700BFC8430020014B1868704700BF99
:10ACD800EC430020014B1868704700BFF043002088
:10ACE8002DE9F84F514B1B68002B40F09980504BD1
:10ACF8001C6801341C609CB94E4D2B681B6823B13D
:10AD080041F2D3014C480BF0B7D84C4B2A6819686C
:10AD180029601A604A4A136801331360FFF73EFD41
:10AD2800484D00202B68484AA342DFF828B10FD9C4
:10AD38001421DBF80030DB6A4B43D358022B434B1A
:10AD480028BF01201B68002B18BF0120BDE8F88F21
:10AD58000746DFF804C1374B1B681B681BB94FF067
:10AD6800FF332B60E4E7334B1B68DB68DB6859680B
:10AD78008C4201D22960DBE7D3F81480D3E90219A9
:10AD8800C1F80890C9F80410D8F8041003F1040EAB
:10AD98007145D8F8001008BFC8F8049001395F6100
:10ADA800C8F80010D3F82880B8F1000F13D0D3E901
:10ADB8000719C1F80890C9F80410D8F8041003F16D
:10ADC800180A5145D8F8001008BFC8F8049001398E
:10ADD8009F62C8F800101426D96ADCF80080414543
:10ADE80006FB01F802EB080ADAF8049088BFCCF8F1
:10ADF8000010D9F80860C3F80890DE60C6F804E0CF
:10AE0800C9F808E0C3F814A052F80830013342F832
:10AE18000830DBF80030DB6A994288BF01209AE7E6
:10AE28000B4A00201368013313608FE7C8430020E2
:10AE3800EC4300203844002025EA00013444002077
:10AE4800D8430020D043002064440020DC43002085
:10AE5800E0430020C4480020E84300202DE9F84FD3
:10AE6800474CFEF797FE236823B940F63D614548F5
:10AE78000BF002D82368013B236023682BB1002420
:10AE8800FEF796FE2046BDE8F88F3F4A1268002A72
:10AE9800F5D014254FF0010C3C483D4C3D4A3E4E40
:10AEA8003E4F51E0C368DB68D3F828E0D3E90718C0
:10AEB800C1F80880C8F80410DEF8041003F1180976
:10AEC80049454FF0000108BFCEF804809962DEF8CA
:10AED80000100139CEF80010D3F814E0D3E90218B5
:10AEE800C1F80880C8F80410DEF8041003F104095A
:10AEF8004945DEF8001008BFCEF804800139CEF8C5
:10AF08000010D3F82CE0216805FB0EF802EB080AC4
:10AF18008E45DAF8041088BFC4F800E0D1F808B00C
:10AF28009960C3F80CB0CBF80490C1F8089052F8B7
:10AF38000810C3F814A0013142F808103168C96A32
:10AF48008E4501D9C7F800C001680029AAD10BB104
:10AF5800FFF724FC124D2C6844B101270F4EFFF770
:10AF6800BFFE00B13760013CF9D12C600B4B1B6868
:10AF7800002B84D0084B01241B68FEF7FFFD7FE7F8
:10AF8800C843002025EA0001F043002020440020A7
:10AF9800E843002064440020C4480020DC4300202B
:10AFA800E043002010B5044618B9BDE81040FEF78C
:10AFB800E5BDFFF781FE094B1B68012B04D040F665
:10AFC800E10107480AF058DF00212046FFF798FB07
:10AFD800FFF744FF0028E8D010BD00BFC843002099
:10AFE80025EA000138B50D46044620B941F2B921D9
:10AFF80007480AF041DF074B204619681831FEF769
:10B00800BFFC2846BDE838400121FFF779BB00BFE7
:10B0180025EA0001C448002070B50E4615460446CE
:10B0280020B941F2F72111480AF026DF104B626877
:10B0380019689068CA611968002D0862196801F1D9
:10B048001801416019681B6801F1180191609C6240
:10B058002368294603F1010308BF3046236018BF5F
:10B068004FF0FF30BDE87040FFF74ABB25EA00010A
:10B07800C4480020F8B5C368DC6824B941F22C3113
:10B0880026480AF0F9DED4E90712A36A8A605160FB
:10B09800596804F11800814208BF5A600022A26270
:10B0A8001A68013A1A601E4BE26A1B68002B29D104
:10B0B800D4E902016369816048605868251DA84287
:10B0C80008BF5960196801391960164B19688A4216
:10B0D80088BF1A60142353431349CE1870688768D1
:10B0E800A060E7607D608560C85866610130C8501F
:10B0F8000E4B1B68DB6A9A4285BF01200C4B00206F
:10B108001860F8BD0B4B59688D68E161256268606D
:10B1180088601968A36201311960E9E725EA00012E
:10B12800C8430020E843002064440020C4480020AD
:10B13800DC43002020440020234B2DE9F0411A680D
:10B14800224B1AB101221A60BDE8F081204E1A6024
:10B1580033681B6B1A68B2F1A53F0BD15A68B2F17C
:10B16800A53F07D19A68B2F1A53F03D1DB68B3F1D7
:10B17800A53F04D031683068343108F05FDD154FE1
:10B18800154D3C68DFF8548014236343E9585A1975
:10B1980091B15168083349682B44994208BFD36874
:10B1A800516008BF5360142303FB04556B68DB68C8
:10B1B80033603C603368C7E724B941F2392140461F
:10B1C8000AF05ADE013CDFE7C8430020DC430020D8
:10B1D800C4480020E84300206444002025EA000118
:10B1E800014B1868704700BFC44800200122014B7A
:10B1F8001A607047DC430020054B1B6833B1054BD0
:10B208001868B0FA80F04009400070470120704784
:10B21800E4430020C8430020F8B5044600282ED097
:10B228001D4DC36A2A68D26A93422DD282691B4E89
:10B23800002AA1BF2A68D26AC2F1380282611422A8
:10B2480002FB036342699A421AD1071D3846FEF78A
:10B25800B9FB2B68124ADB6A1168E3628B4288BF2C
:10B26800136014225343F1184A689068A260E060A2
:10B2780047609760F25861610132F2500120F8BDD1
:10B288002B68DB6AC362F9E72B68806CDB6A98423B
:10B298002CBF00200120F2E7C448002064440020AD
:10B2A800E843002070B5044608B9002070BD1C4B67
:10B2B8001B68834204D041F2F2711A480AF0DCDDBF
:10B2C800E36C23B941F2F37116480AF0D5DDE36C5B
:10B2D800E16AA26C013B9142E364E6D0002BE4D121
:10B2E800251D2846FEF76EFBA36CC3F13802A26148
:10B2F8000D4AE36211688B424FF0140188BF136056
:10B308004B430A4AD01841688E68A160E6607560B0
:10B318008D60D158606101310120D150C6E700BF6E
:10B32800C448002025EA0001E843002064440020C6
:10B3380070B50D460446002840D0C36C23B941F6C9
:10B3480043011F480AF098DDA36C9D4238BF1D4693
:10B35800E36AAB4232D0E36C012B2FD1194B1B6847
:10B36800A34204D141F6590115480AF085DDA269C6
:10B37800E36A002A4FF01402E562A4BFC5F138055C
:10B38800A561114D02FB035362699A4216D1261D2D
:10B398003046FEF717FB0D4AE36A11688B4288BFF7
:10B3A800136014225343E9184A689068A260E06069
:10B3B80046609660EA5861610132EA5070BD00BF8C
:10B3C80025EA0001C448002064440020E843002026
:10B3D800034B186810B1C36C0133C364704700BFD6
:10B3E800C4480020034B1B680360034B1B68436081
:10B3F800704700BFD8430020EC43002070B50D46CD
:10B40800044620B941F2D43119480AF035DD25B98E
:10B4180041F2D53116480AF02FDDFEF7BBFB154B7C
:10B4280062681968144B186890F8560040B10022F9
:10B438001B6883F856200124FEF7BAFB204670BD2E
:10B448002B68581C12D00D4826680068864204D024
:10B458008A4202D800232B60EDE7881A8342F9D983
:10B468005B1A134420462B60FFF7BCFF0024E3E778
:10B4780025EA0001EC430020C4480020D8430020FE
:10B48800914208B5416000610AD8D21A83699A428C
:10B498000DD2084B011D1868FEF772FA002008BD8E
:10B4A8009A4201D2994202D2034B011DF3E70120CF
:10B4B800F5E700BF244900202849002070B504465C
:10B4C8000D461646A1692B46324620462944FFF709
:10B4D800D7FF00B970BDA36920461D44236A984769
:10B4E800F0E700000E4B70B51B680546DB680E469A
:10B4F800DC68201DFEF766FA94F828305A0709D54B
:10B50800324629462046FFF7D9FF2046236ABDE880
:10B518007040184723F0010384F82830F5E700BF8E
:10B5280028490020F8B50546FFF7CEFB0D4E044626
:10B538003368834209D90C4F3B681A6852B90B4AE1
:10B54800116813603960012300E0002320462B6056
:10B558003460F8BDDB684FF0FF311868FFF7C2FFB1
:10B56800EAE700BFC84800202849002024490020F5
:10B57800F7B5114CFEF70EFB2568BDB90F4F104EFD
:10B588003846FEF7EFF93046FEF7ECF90D4B10217F
:10B598001F600D4B0A201E600C4A0D4B0095FFF7EB
:10B5A80041F8206010B10B49FEF724FF03B0BDE855
:10B5B800F040FEF7FDBA00BF2049002040490020B6
:10B5C8002C4900202849002024490020A8530020A5
:10B5D800CC4800207FEA00012DE9F041554F564E36
:10B5E80086B03B68D3F80080B8F1000F37D000244C
:10B5F800DB68D3F80080FFF75FFB02A8FFF792FF34
:10B60800029B0546002B3FD15CBB40452FD3FFF77B
:10B6180025FC29464046FFF765FF1022002102A8B5
:10B62800FDF708FF0022306802A9FEF7C7FC0028D2
:10B63800D7D0029B0498002B29DB049C63696BBB61
:10B6480001A8FFF76FFF029B0546013B082BE9D8CD
:10B65800DFE803F028284B526828284B52000124C1
:10B66800C9E7364B1B681C68B4FA84F4640922469F
:10B678003068A8EB0501FEF71BFFFFF7EFFB00287A
:10B68800CBD1FEF77BFAC8E7FFF7E8FBC5E7039BDA
:10B6980005999847029B002BC4DBCEE7201DFEF7D7
:10B6A80091F9CDE794F82830A16943F0010384F8B3
:10B6B8002830039B024619442046FFF7E1FE002884
:10B6C800B0D094F8283059070AD5A36903992A46B7
:10B6D80020461944FFF7F2FE2046236A9847A1E75F
:10B6E80023F0010384F82830F6E794F8283023F093
:10B6F800010384F8283095E794F8283043F00103D3
:10B7080084F82830039BA36123B940F2C1310C4867
:10B718000AF0B2DBA1692B462A4620462944FFF7E6
:10B72800AFFE7FE794F828309A07E0D42046FEF76A
:10B7380003FB77E7284900202049002024490020FE
:10B7480084EA000110B588B0FFF712FF114B1B689F
:10B75800CBB1002407AA06A905A8CDE90544FEF740
:10B76800F5F8059B079A0293069B0B49019328233A
:10B778000A4800932346FFF761F9094B186010B196
:10B78800012008B010BD074840F23B110AF074DBF5
:10B798000020F6E720490020DAEA00013934800069
:08B7A8001C49002084EA0001A5
:10B7B0000348044B834202D0034B03B11847704740
:10B7C000F0540020F054002000000000064B074910
:10B7D000C91A891048BF0131491003D0044B0BB17D
:10B7E00001481847704700BFF0540020F054002073
:10B7F0000000000010B5064C237843B9FFF7D8FFCE
:10B80000044B13B10448AFF300800123237010BD33
:10B81000A65300200000000098F4000108B5054B75
:10B820001BB105490548AFF30080BDE80840FFF7AC
:10B83000CDBF00BF00000000A83D002098F400012B
:10B84000A3F5803A704700BF174B002B08BF134B7E
:10B850009D46FFF7F5FF00218B460F461348144A1B
:10B86000121AF5F717DD0E4B002B00D098470D4B41
:10B87000002B00D098470020002104000D000D4847
:10B88000002802D00C48AFF3008002F0EBF9200052
:10B89000290002F0DDFC02F0D3F900BF000008002F
:10B8A0000000000000000000083A0020003C0020DA
:10B8B00054540020000000000000000008B50348B8
:10B8C000F4F713DCBDE8084002F0A9BFD4EE000194
:10B8D0000148F4F70A9C00BFD4EE00010348044A73
:10B8E0000449121A921002F0EAB900BFA8810001BF
:10B8F000B0B70001000000204FF000602DE988483B
:10B900004249434B434AD3F8943088660221012BC5
:10B91000414B4FF0000099604FF0005146D8002590
:10B92000002600275FF000085FF000095FF0000AC2
:10B930005FF0000B5FF0000C501A4FF48073B0FB07
:10B94000F3F404FB03F40C44A14210D2A1E8E01F7D
:10B95000A1E8E01FA1E8E01FA1E8E01FA1E8E01FC7
:10B96000A1E8E01FA1E8E01FA1E8E01FECE7914299
:10B9700002D241F8045BFAE70522274B9A604FF0A8
:10B980000062A3F540539A66244B83F30A8800F0C3
:10B990004FF8FFF7A3FF224B22498B4228D3002008
:10B9A000214B22498B422ED3FFF74EFF501A4FF006
:10B9B0002003B0FBF3F404FB03F40C44A14204D2D3
:10B9C00091E8E01FA1E8E01FF8E7914203D20D687B
:10B9D00041F8045BF9E7CFE7186850F8224058684F
:10B9E00040F82240013298688242F5D30C33D4E704
:10B9F0000022F8E71C6844F8220001325C68A24289
:10BA0000F8D30833CEE70022F8E700BF00508040AB
:10BA1000008000A30000082000908040083600202D
:10BA2000A0F40001ACF40001ACF40001ACF400019E
:10BA3000044B054A9A60D3F8882042F47002C3F898
:10BA40008820704700ED00E000800001014B186085
:10BA5000704700BF5C540020054B1860054B1B6FFE
:10BA600003F00703032B01D1F4F7F49A704700BFEA
:10BA7000645400200040804050B949B9054B1A6019
:10BA8000054B1B6F03F00703052B01D1F4F7E29A76
:10BA9000704700BF585400200040804040F6B1314C
:10BAA000014802F019B900BFF8E80001002307B50A
:10BAB0000193084B1B68013304D040F22131064842
:10BAC00002F00AF9F6F710D8019B002BFCD003B066
:10BAD0005DF804FB6854002057E9000108B5EFF356
:10BAE00005830F2B0AD90E4A9B5C0E4A12789A42A4
:10BAF00004D940F2A1710C4802F0EEF84FF0E023B7
:10BB00000A4AD3F80C3D126803F4E063934206D965
:10BB1000BDE8084040F2B171034802F0DDB808BD4D
:10BB2000F0E300E0A753002057E900017443002030
:10BB3000002307B529480193F4F7D7DA4FF440738F
:10BB4000012204216846ADF8003000F09DF8012282
:10BB5000234B0520C3F8442401A9F4F7C1DA0028D7
:10BB600039D1204BD3F8F02042F00102C3F8F02085
:10BB7000D3F8FC2042F08072C3F8FC201A4AA3F5E7
:10BB80005D431A60019B194A03F5D52303F2FC4378
:10BB9000B3FBF2F3164A013B13610223C2F8F03003
:10BBA0004FF48073C2F804334FF06043114AC3F876
:10BBB000B02F114AC3F8802ED3F8002E42F48072C1
:10BBC000C3F8002EFF2283F82020D3F8002E22F4A1
:10BBD0008072C3F8002E03B05DF804FBD4EE0001C0
:10BBE00000D0834000ED00E0FF030040F8590D0055
:10BBF000000004E055CEACC509000100F8B50446CC
:10BC00000127124D0CB314F001000BD0002024F0DA
:10BC1000010405EBC0021668002EF3D05168C0B2D3
:10BC2000B047EFE72246013020284FEA520201D008
:10BC3000D307F8D507FA00F20F2824EA0204E8D95E
:10BC4000421E05EBC2021038E5E7F8BD544900205A
:10BC500008B50C48F4F749DA2A2000F00BFD28B1AA
:10BC60002A2000F01FFD2A2000F0EAFC2B2000F023
:10BC700001FD28B12B2000F015FD2B2000F0E0FC89
:10BC8000002008BDD4EE0001F8B50D461646044666
:10BC900028B91648892102F01FF82220F8BD0F2983
:10BCA00003D98C21114802F017F82378D3B1013B56
:10BCB000DBB2022B05D80E4AD35C6278D340DB0797
:10BCC00003D48D21094802F007F8F4F7E9DE0746AE
:10BCD00032462946204600F027F93846F4F7DBDEE5
:10BCE0000020DBE740F2FF13E7E700BFE2EA0001D4
:10BCF00050EB000110B5044628B90F48CF2101F0E0
:10BD0000EBFF222010BD037893B1013BDBB2022B85
:10BD100005D80A4AD35C6278D340DB0703D4D2212A
:10BD2000054801F0D9FF2046F4F7DCDB0020E9E705
:10BD300040F2FF13EFE700BFE2EA000150EB000121
:10BD400010B5044628B90F48DF2101F0C5FF2220B5
:10BD500010BD037893B1013BDBB2022B05D80A4A30
:10BD6000D35C6278D340DB0703D4E221054801F0BD
:10BD7000B3FF204600F074F80020E9E740F2FF131B
:10BD8000EFE700BFE2EA000150EB000170B50D469D
:10BD9000044600B131B913484FF4817101F09CFFA2
:10BDA000222070BD0378D3B1013BDBB2022B05D852
:10BDB0000D4AD35C6278D340DB0704D440F205110E
:10BDC000084801F089FFF4F76BDE0646204600F0D4
:10BDD00073F828703046F4F75EDE0020E1E740F2A9
:10BDE000FF13E7E7E2EA000150EB000108B500F0BD
:10BDF00091F8054B00F0553020F05020C3F8200496
:10BE0000BDE80840FFF7FABE00E0834008B500F047
:10BE100081F8054B00F0AA3020F0A020C3F82004E0
:10BE2000BDE80840FFF7EABE00E0834013B50446D2
:10BE30000A48F4F75AD9A2780421B2FA82F2237898
:10BE400052098DF8043063780DEB01008DF8053050
:10BE5000FFF71AFF002002B010BD00BFD4EE0001B2
:10BE600010B5044620B94FF40D71104801F034FFAD
:10BE70002378BBB1013BDBB2022B05D80C4AD35C63
:10BE80006278D340DB0704D440F23721074801F041
:10BE900023FF0122637821789A4030235943054BD0
:10BEA0005A5010BD40F2FF13EAE700BF53EB000108
:10BEB00035EC000140E0834010B5044620B94FF452
:10BEC0001A71124801F008FF2378DBB1013BDBB2A5
:10BED000022B05D80E4AD35C6278D340DB0704D42A
:10BEE00040F26B21094801F0F7FE302223785343DA
:10BEF00003F1814303F57033186C6378D84000F088
:10BF0000010010BD40F2FF13E6E700BF53EB000154
:10BF100035EC0001034BD3F82424D3F8200410405F
:10BF2000704700BF00C083402DE9F041037804460C
:10BF30000D4616460BB3013BDBB2022B05D82A4A4D
:10BF4000D35C6278D340DB0703D45D21274801F03E
:10BF5000C3FE274BD3F810331BB16021234801F0F7
:10BF6000BBFE0F2D0CD8DFE805F03732323232320B
:10BF70003232323232323232323240F2FF13E0E7C2
:10BF8000B4211A4801F0A8FE4FF00008204606B37D
:10BF9000F4F7A8DA0F2167782378072F03EB430320
:10BFA00088BF083F4FEA0313124895BFBF00BF0088
:10BFB00004330C3308FA07F2B940184401F0FAFED2
:10BFC00085B9204656B1BDE8F041F4F78B9AA846F2
:10BFD000DCE7FFF745FFDDE7A846DBE7BDE8F0411A
:10BFE000FFF73EBFBDE8F08135EC0001C4EB000176
:10BFF00000C0834030C08340024A536A23F00103EB
:10C00000536270470040874008B54FF023435B6898
:10C01000DB0703D4A521054801F05EFEF4F7BADA88
:10C020004FF0234302221A6108BD00BF38EC000123
:10C030004FF0234310B55C68012C03D1FFF7E4FFF8
:10C04000014B5C6010BD00BF002000A3014BD3F882
:10C05000100170470080E00F002310B50B4C8CB02E
:10C06000A04214BF30243C2402A80193F4F704DC5E
:10C0700010B100200CB010BD2246112101AB02A866
:10C0800001F0F8FC0028F4D10198F3E7005A6202AD
:10C09000004870470010000038B501250A4C0B48D5
:10C0A000F4F723D80B20F4F7C1D904F500535D67EA
:10C0B00042201D6700F0F6FA04F58054422000F09B
:10C0C000BFFA0020656738BD00401040C8EE00018F
:10C0D00008B5054B1B6FDB0704D50122034B1A671C
:10C0E000AFF3008008BD00BF00401040006010406A
:10C0F000AF4A73B5136FAF4823F0070343F0010352
:10C100001367F3F7F2DF20B140F21F51AA4801F0A4
:10C11000E3FDAA48F4F7B0DB20B140F27A41A6482B
:10C1200001F0DAFDA649A548F4F746DC20B140F25B
:10C130007E41A14801F0D0FD0020F4F777D9A14855
:10C14000F3F7D3DF20B14FF485719B4801F0C4FDB4
:10C15000974B1B6F03F00703032B04D140F24D11E3
:10C16000954801F0B9FD45F60E02974B4FF480312A
:10C17000C3F880204FF08072944E3263944A11636A
:10C180009A6DD103FCD49A6D5200F9D401F069FE86
:10C19000044608B1451C15D10023ADF80630F4F76C
:10C1A0007FDC022205460DF106018A4800F0E8FE18
:10C1B00004462846F4F76FDC1CB9BDF80640FF2C96
:10C1C00000D9E124804DF4F762DC2B6923F07F6312
:10C1D00023F4EE2343F03C632B61F4F753DCF4F7D4
:10C1E00056DCFF2C2346A8BFFF2364025B04AA6928
:10C1F00003F0FF7304F4FF34234302F07E4243F064
:10C200003C031343AB61F4F73DDCF4F740DC2B6AED
:10C2100023F007032B62F4F735DC4FF480336E4ACA
:10C220003363AB6D32EA0303FBD12B694FF48032E9
:10C2300023F4700343F440132B614FF00043B361C8
:10C24000634B66481A634FF080721A633222644B64
:10C250001A80FFF701FC5A4B1A6840F201239A42F8
:10C260000DD900225F4B5A710A221A706FF06702D3
:10C270005A7006229A7001221A710422DA700B2079
:10C28000F4F7D4D8FFF7E2FE431E0333044604D983
:10C2900040F2AE21484801F01FFD5348F3F725DF77
:10C2A00020B140F2B221444801F016FD4F48F3F7A7
:10C2B0001CDF20B140F2B6213F4801F00DFD4C4B90
:10C2C0005B6823B140F2B7213B4801F005FD4748C8
:10C2D000F3F70EDF20B140F2B921374801F0FCFC42
:10C2E000444BDA6812F0060FFBD143489C60FFF71D
:10C2F000ADFB4248F3F7F9DE20B140F2DE212E48D3
:10C3000001F0EAFC48F2A6124FF0814302215A6282
:10C310003B4A5160012102F5805251609A69D4056F
:10C32000FCD45A6837491140374A0A435A600122FF
:10C33000334B4FF081415A6040F203128B6932EA6D
:10C340000303FBD10021314A0846FFF795FB022287
:10C350002F4B5A6001225A60F4F7A2DB05462D48A4
:10C36000FFF77AFE04462846F4F795DB631E033395
:10C3700004D940F24A31104801F0AEFC2648F3F7E8
:10C38000B4DE20B14FF454710B4801F0A5FC234BEF
:10C3900024F4C00422489C60F3F7A7DE20B140F2E9
:10C3A0006F31054801F098FC02221E4B3CE000BFB3
:10C3B00000408040B0EE000120EE0001484A00201D
:10C3C000444A0020C8EE00010040104000501040D8
:10C3D00000601040001102C00300010000F049029B
:10C3E000A4530020DD540020D0EE0001D8EE00015F
:10C3F00000C081400000814080D54302BCEE0001B6
:10C4000000108040CBE000FC0415C00180D1F00892
:10C4100000208040002D3101CCEE000100001040D2
:10C42000C4EE0001005082405F495A60012203F5CA
:10C4300080535A608A68D003FCD401225A620222D7
:10C440005A4C5A60236F23F0070343F00503236718
:10C45000236F23F4744343F480632367F3F7FADD17
:10C46000534BD3F8FC20D20100F18380D4F8803004
:10C4700023F0030343F00103C4F88030D4F8803084
:10C48000C4F88030494B4B48D3F8202122F00702F2
:10C4900042F00202C3F82021D3F8282122F007023B
:10C4A00042F00202C3F82821D3F8A82222F00702A2
:10C4B00042F00202C3F8A822D3F8402122F003027E
:10C4C00042F00102C3F84021D3F8602122F00302B8
:10C4D00042F00102C3F86021D3F8802122F0030268
:10C4E00042F00102C3F88021D3F8B02222F4E062C6
:10C4F00042F48072C3F8B022D3F8B02222F03F0297
:10C5000042F00902C3F8B022D3F8402222F003021D
:10C5100042F00102C3F84022D3F8002222F00702C1
:10C5200042F00102C3F80022D3F8702222F0030285
:10C5300042F00102C3F87022D3F8202222F0070251
:10C5400042F00102C3F82022D3F8AC2222F0070205
:10C5500042F00102C3F8AC22F3F7C7DDFFF74CFD50
:10C560004FF0E0220020136943F00403136102B08E
:10C5700070BDD3F8FC2022F08072C3F8FC20D4F800
:10C58000802022F0030242F00102C4F88020D4F897
:10C590008020C4F88020BFF36F8FD3F8FC2042F0D6
:10C5A0008072C3F8FC206DE700408240004080406C
:10C5B00000ED00E0B4EE000138B5430605460C4638
:10C5C00003D0B4210D4801F087FBA400013CB4FA6C
:10C5D00084F44FF0FF33C4F12004A34035EA030391
:10C5E00003D0B821054801F077FB72B6044B986878
:10C5F0009D60BFF34F8F62B638BD00BFE8EE00010B
:10C6000000ED00E05A2810B504460DD801220A4971
:10C61000630904F01F04A240203341F82320BFF334
:10C620004F8FBFF36F8F10BD4FF49571034801F02A
:10C6300053FB002CF7DBE9E700E100E0E8EE000146
:10C640005A2810B5044608D801236109074A04F0A6
:10C650001F04A34042F8213010BD40F235110448B8
:10C6600001F03AFB002CF7DBEEE700BF00E100E051
:10C67000E8EE0001592810B5044604D94FF4A07122
:10C68000064801F029FB064B621153F8220004F022
:10C690001F04E040C04300F0010010BDE8EE0001BF
:10C6A00000E100E0002808DB01224309034900F013
:10C6B0001F008240603341F82320704700E100E012
:10C6C00038B500F110036A2B04460D4604D940F238
:10C6D000E5110E4801F000FB0F2D04D94FF4F37162
:10C6E0000A4801F0F9FA60B20028ACBF00F16040DE
:10C6F000074B4FEA0515EDB2ABBF00F5614000F006
:10C700000F0080F800531D5438BD00BFE8EE000153
:10C7100014ED00E038B5F4F7C3D9154B1C7814BB01
:10C7200001221A70F4F7B7D9F4F7B1D9114B0546C5
:10C7300098682346104AC1580433B3F5D47F42F8B1
:10C74000041BF8D16A210C48FFF736FF2846F4F79E
:10C7500099D96FF00404204605210134FFF7B0FF9A
:10C760005A2CF8D138BDBDE83840F4F7949900BF91
:10C770004854002000ED00E0003C002013B50A4CB6
:10C78000684600F02BF9237863B9DDE90001022245
:10C79000064B00F059F90123054A137000B92370C4
:10C7A00002B010BD1220FBE749540020704A00205F
:10C7B000E35400202DE9F04F9946531C05460E46E0
:10C7C000174687B007D120B940F209317A4801F005
:10C7D00083FA08240CE0531EB3F5007F01D21A42FD
:10C7E00004D04FF44171744801F076FA85B33C46A9
:10C7F0004FF00008714BCDF8148083F80080109B37
:10C80000002B00F0D180C3F80080002E00F0CE8015
:10C810006B68B34240F2CA80F4F742D9073605AAE2
:10C8200009F0010926F00706CDE9008282463A4662
:10C830004B463146284601F08AFC059F834607B1E6
:10C8400060B95046F4F727D9192007B0BDE8F08F3A
:10C8500040F20931584801F03FFAC8E7B7F80280C2
:10C8600029694FEAC802C0EBC8080139B8F1270F9F
:10C8700029617ED9B9F1000F55D1864206F1080829
:10C880004CD022463946284601F0F1FA044605907C
:10C89000059B9844404601F056FC059906F10F00AF
:10C8A0004A88C308A2EBD002A8F80220CA88A8F8D8
:10C8B0000430002A34D0D31A9BB201EBC202A8F88C
:10C8C000063093808B88F608A380B8F804303A4687
:10C8D000E380414600232846668001F083FCAB6874
:10C8E000EA6808339342AB6088BFEB60237843F07B
:10C8F000010323702B6901332B616288AB685046BA
:10C9000003EBC203EA68AB60934288BFEB60F4F7C5
:10C91000C2D8109B083400201C6096E73C46B7E75D
:10C92000A8F80620CEE707EB08042046039201F0A2
:10C930000AFC0BF10703DB080599638008F1070384
:10C94000DB08A380CB8893B1DB00039AD81D821A41
:10C950005A44C2F3CF020B44E2809A80A38808F1C4
:10C96000FF384FEAD808A1F80280CB80B7E7E38010
:10C97000F4E7B9F1000F1BD007F10803B3FBF4F2A1
:10C9800004FB1233B3B122463946284601F06FFA50
:10C99000044623783A4643F00103237021460123DD
:10C9A000284601F01FFCA8E722204EE721204CE793
:10C9B0008642E8D13C46ECE779EF0001E3540020E1
:10C9C00007B5009313460A4601460348FFF7F2FEF7
:10C9D00003B05DF804FB00BF704A00200249034A1F
:10C9E0000160521A42607047F05400200000082095
:10C9F00038B503690D4614460BB33AB999B90468C2
:10CA000024B940F23B110F4801F066F92378D907A9
:10CA100007D555B9E38893B104EBC3042378DA074B
:10CA2000F8D4204638BD8469EAE7012D07D1A388F0
:10CA30002BB1A4EBC3042378DB07F8D4F1E700247F
:10CA4000EFE700BFFCEF0001F8B50D4617461C46A6
:10CA5000064618B111B1082A00D823B94FF4C6719F
:10CA60000F4801F039F900233046C4E90065C4E9F4
:10CA7000023323616362C4E90566277701F063FB33
:10CA80002369013DED08013375802361A368E268E5
:10CA9000083393424FF00000A36088BFE360F8BD05
:10CAA000FCEF000108B501F0E5FE034B1868BDE896
:10CAB0000840F4F7E89C00BF984A002030B50B4DC1
:10CAC0008BB001AC0FCD0FC40FCD0FC42B6800216C
:10CAD000074801AA2360F4F781DC064B186018B9F7
:10CAE0005821054801F0F8F80BB030BD00F1000105
:10CAF000A5CA0001984A002087F0000170B5F3F73D
:10CB0000CFDF144E05463478FCB9134B1C60134B31
:10CB10001C60134B1C6000F02BF80120F4F71AD9AD
:10CB2000F4F70CD90F4B0246186020B92846F3F7EA
:10CB3000B2DF232070BD234640F2E7310A48F4F704
:10CB400019DA0A4B1860012333702846F3F7A3DF84
:10CB50000020EFE74C540020A44A0020A04A002007
:10CB6000AC4A0020A84A002018FCFFFF9C4A002085
:10CB700010B5002486B01422214601A88DF800408B
:10CB8000F4F788DB012313488DF80430F3F7ADDAAE
:10CB9000BFF34F8F684601F033F9204601A98DF8A5
:10CBA000044001F03DF920460F21F3F71BDD0F2172
:10CBB0002046F3F725DD01F018F9F3F7EBDC4FF031
:10CBC00023430F209C61FFF76DFD0F20FFF738FD19
:10CBD00006B010BDB0EE000110B500F033F800F063
:10CBE000E5F9044618B100F04BF8204610BD054B9E
:10CBF0001B68984704460028F5D10122024B1A70A1
:10CC0000F1E700BF40F200014D54002030B50A4D5D
:10CC100085B02B686BB96C46084B0FCB84E80F00CE
:10CC20002046F4F74ADC286018B95821044801F07E
:10CC300053F805B030BD00BFB04A002030F200010B
:10CC40009FF1000110B5F4F765DB022812D10A4C00
:10CC500023680BB9FFF7DAFF4FF0FF312068F4F7D4
:10CC600069DC831D06D028B1BDE81040732103485C
:10CC700001F032B810BD00BFB04A00209FF10001A2
:10CC800008B5F4F747DB02280CD1074B1868F4F716
:10CC900076DC831D06D028B1BDE808408D2103480D
:10CCA00001F01AB808BD00BFB04A00209FF1000192
:10CCB000014B1B68184700BF50F20001014B9B68F5
:10CCC000184700BF50F2000108220C4B10B55A66FD
:10CCD00041F22104012203F5EE235A609C604FF6D5
:10CCE000FF7401441C61DA60884202D1586A80B244
:10CCF00010BD10F8012B1A62F6E700BF005080400B
:10CD00002DE9F04F0D461746994606468FB000288C
:10CD100000F0A380002900F0A080002A00F09D8090
:10CD2000002B00F09A80D0F808B0BBF1000F2DD096
:10CD30004FF6FF739B4529D00168994226D0D5F85C
:10CD40000080484A904507D1082304351FFA81FA2C
:10CD5000BD4207D32D2459E0434B98457FD1002392
:10CD60000435F3E7284606A9059301F0B4FA044612
:10CD700000284BD1BDF81E00BDF81C105045059B86
:10CD8000384A63D173685B44994201D221243DE063
:10CD9000904505F1080A4CD10846CDE908440A94AB
:10CDA00001F0ACF80746002841D00DF12C08042210
:10CDB00041465046FFF782FF9AFA8AF30C93079B8D
:10CDC000BDF81CE01BBA0D930EF103039B08013361
:10CDD0005AF8233098E807000B9301230DF1200C3B
:10CDE0008CE80700CDE900E7DFF880E0CDE90283B9
:10CDF000082205F10C036046DEF80C5006A9A8478E
:10CE0000054638B1384601F08EF92C4620460FB061
:10CE1000BDE8F08FBA46D6E901124846514401F008
:10CE200035FD002FF2D0384601F07DF9EEE71925E7
:10CE3000EBE70D4B984501D00027ECE75046FFF794
:10CE400043FFBDF81A308342A0D1F5E7033121F04A
:10CE50000301083119440D447AE72224D6E711244E
:10CE6000D4E700BF4354535350544D4440F20001A3
:10CE700008B500F04BF9102250B9064B0321C3E965
:10CE800000224FF00072C3E90221F6221A6108BDA8
:10CE90001046FCE7B44A00202DE9F04792B01F4647
:10CEA000DDE91A899DF874300446012B0D461646BB
:10CEB000DDF870A026D128B301B91ABB17B9B8F1B3
:10CEC000000F1FD1B9F1000F1CD0BAF1000F19D01B
:10CED00008A8F3F7D1DC0423CDE905930C23002245
:10CEE000CDE90043CDE9036743460749CDF81CA0CF
:10CEF000029508A800F0CEF9002818BF722012B0E1
:10CF0000BDE8F0872120FAE7B44A00202DE9F04778
:10CF100092B01F46DDE91A899DF874300446012B52
:10CF20000D461646DDF870A025D120B301B912BB1D
:10CF300017B9B8F1000F1ED1B9F1000F1BD0BAF12B
:10CF4000000F18D008A8F3F797DC0423CDE9049369
:10CF50000C2342460093CDE9026723460749CDF8EA
:10CF600018A0019508A800F00FFB002818BF472063
:10CF700012B0BDE8F0872120FAE700BFB44A0020D4
:10CF8000094B70B515461A7804464AB901F052FAB1
:10CF9000022807D12B462046BDE8704000F010B8AB
:10CFA0000E2070BD2120FCE74D54002002480349AB
:10CFB000091AFFF77DBE00BF00F0380100103901EB
:10CFC000F0B504460F4616461D4687B0002B40D0EC
:10CFD00000293ED001F02EFA4BF23462A3B2934204
:10CFE0002BD14FF0FF33CDE901332F4B2F48CDE943
:10CFF0000336059501F011FA044638B92C4A01AB05
:10D00000A2F1FC0103A8FFF77BFE04460822294990
:10D0100001A801F048FC38B92B46324641F2F01025
:10D0200001A9FFF7CDFF044624B92A46384601A9D5
:10D0300001F02CFC204607B0F0BD41F2F012934203
:10D0400013D11D4BA9190829D3F81821D3F81C3185
:10D0500001D92124EEE7CDE9032303AB2A46384664
:10D06000991901F013FC0024E4E7022811D10F48BC
:10D07000CDE90346059501F0D0F904460028D9D141
:10D080003B460B4AA2F1FC0103A8FFF739FE044618
:10D09000D0E7032806D13B46CDE90346074A0849B5
:10D0A0000595F1E70124C5E7021008C0D44A002025
:10D0B000D04B002064F200010080E00F0010390125
:10D0C00000F0380138B500F021F80446B0B950231B
:10D0D0000C4DE818AD65EB65F4F7EFD9286678B12B
:10D0E0000222094B21469A8001221C600132202A2B
:10D0F00099601973597303F10803F7D1204638BDBD
:10D100000124FBE7D04B0020344C0020274B2DE9B5
:10D11000F0411B68F4F7FED80128074620D9F4F740
:10D1200025D9051E03DA01242046BDE8F081204BF5
:10D130001B78002B38D14FF050081E4C04EB080030
:10D14000A465C4F85C80F4F7B8D9206680B90124DE
:10D15000012FE9D92846F4F71FD90028E4DAE2E7DD
:10D16000134B1B7803F0FF05002BE4D00024DBE712
:10D170000024114E214606F110033246012034608E
:10D180007460B360C6F80C80F4F747DA30660028A4
:10D19000DDD003210120FFF793FA0120FFF750FAB9
:10D1A0000122034B1A70D3E70024D3E77054002008
:10D1B0004F540020984D0020344D002008B5F4F75E
:10D1C000A9D8012805D9F4F7D1D8002821DA0120FF
:10D1D00008BD174B1B7803F0FF00002BF8D0F3F7C6
:10D1E000CBDA0028F4D10120FFF75CFA0120FFF729
:10D1F00009FA104B186EF4F7B7DA90B90E4B186EA7
:10D20000F4F7F3D9003818BF01200022084B1A7038
:10D21000DEE7074B1B7833B1F4F7BED80028DEDA1F
:10D22000D5E70120F1E7F4F7B7D8C00FD0E700BF8A
:10D230004F540020344D0020984D002008B54FF089
:10D2400085435B6CDA020ED5F4F764D80238012806
:10D2500009D80D4B186EF4F75FDA20B14FF4BC71AA
:10D260000A4800F039FD4FF08542536CDB02FCD5D3
:10D27000536D1268064A03F4702313600120BDE861
:10D280000840FFF70FBA00BF344D00206CF20001D8
:10D29000705400202DE9F04FCDB00D46DDE9599BCB
:10D2A00017461E460446DDF86C81002800F05F81B9
:10D2B000002900F05C81569B002B00F058815D9B9B
:10D2C000002B00F05481B9F1000F03D0589B002BC4
:10D2D00000F04D813EB1BBF1000F00F04881B8F184
:10D2E000000F00F044815C9B043B0C2B00F23F815B
:10D2F000579B0C2B40F03B812B68103B102B00F20E
:10D3000036819C4A22FA03F3D90740F13081012F7C
:10D3100040F097805C9A984B284643EA02232360AA
:10D32000002348A9C4E90133236201F000F98246D1
:10D33000002840F0128120464899F3F763DB494604
:10D340002046F3F75FDB31462046F3F75BDB6946A7
:10D35000284600F055FB8246002840F0FE806946D2
:10D36000204601F02FFA284603A901F001FA82466F
:10D37000002840F0F280204603A901F023FA569BD2
:10D380002AAA2A937D4B2B972C9306AB07CA83E8D6
:10D3900007001946204601F015FA589B2DAA2D9337
:10D3A00049F000532E972F9309AB07CA83E8070073
:10D3B0001946204601F006FACDF8C0B046F0005BF1
:10D3C00031970CABCDF8C8B030AA07CA83E8070084
:10D3D0001946204601F0F6F95D9B33AA33935C9B16
:10D3E000349743F0005335930FAB07CA83E8070027
:10D3F0001946204601F0E6F9CDF8D88012AB3797F0
:10D4000036AACDF8E0B007CA83E80700B8F1000FEC
:10D4100003D1149A42F08042149219462046F3F741
:10D4200027DB2046F3F7C6D98246002800F0998012
:10D430002C2800F09680324600214046F3F72ADF80
:10D440008BE04746D84600234D4A0DF5907B594660
:10D450002846C4E90023A360236201F068F88246ED
:10D4600000287AD120464899F3F7CCDA494620467D
:10D47000F3F7C8DA31462046F3F7C4DA284615A98F
:10D4800000F0BEFA8246002867D1204615A901F0B7
:10D4900099F9284618A901F06BF9824600285CD159
:10D4A0000125204618A901F08DF9569B39AA399318
:10D4B000324B3A953B931BAB07CA83E807001946EA
:10D4C000204601F07FF9589B3CAA3C9349F0005359
:10D4D0003D953E931EAB07CA83E8070019462046D8
:10D4E00001F070F9CDF8FC8046F00058409521AB72
:10D4F000CDF804813FAA07CA83E8070019462046F1
:10D5000001F060F9429724AB439542AACDF810810F
:10D5100007CA83E807001FB9269A42F08042269284
:10D5200019462046F3F7A4DA0123CDF814B1469347
:10D53000144B45AA479327AB07CA83E8070019464F
:10D540002046F3F795DA2046F3F734D9824650B9EE
:10D5500059465C9A5D9801F099F950464DB0BDE886
:10D56000F08F00276FE732460021384666E74FF01C
:10D57000210AF2E701010100000003040C00002071
:10D5800000000204100000202DE9F04FA7B00D4666
:10D59000DDE9349716469B460446DDF8C88000282E
:10D5A00000F0C280002900F0BF80002B00F0BC809A
:10D5B000369B002B00F0B880B8F1000F03D0319BF0
:10D5C000002B00F0B1803EB1339B002B00F0AC800B
:10D5D000B9F1000F00F0A8803B1F0C2B00F2A480D3
:10D5E000309B0C2B40F0A0802B68103B102B00F2DE
:10D5F0009B804E4A22FA03F3DB0740F195804C4BA7
:10D600000DF18C0A43EA0723236000235146C4E945
:10D6100001332362284600F08AFF034600287FD1A9
:10D6200020462399F3F7EED941462046F3F7EAD98D
:10D6300031462046F3F7E6D9284602A900F0E0F982
:10D64000034600286CD1204602A901F0BBF8284609
:10D6500005A901F08DF80346002861D10125204677
:10D6600005A901F0AFF8334BCDF85CB017AA1895B7
:10D67000199308AB07CA83E807001946204601F052
:10D68000A1F8319B1AAA1A9348F000531B951C93DA
:10D690000BAB07CA83E807001946204601F092F851
:10D6A000339B46F000581D931DAA1E950EABCDF876
:10D6B0007C8007CA83E807001946204601F082F8FB
:10D6C000369B47F00057209320AA219511AB229753
:10D6D00007CA83E807001946204601F073F8CDF821
:10D6E0008C9014AB2495CDF894809AE8070083E8D9
:10D6F0000700B9F1000F03D1169A42F0804216924A
:10D7000019462046F3F7B4D92046F3F753D8034619
:10D7100030B10190324600214846F3F7BBDD019B52
:10D72000184627B0BDE8F08F2123F9E70101010079
:10D73000000003040C0000202DE9F0474FF0000822
:10D740008EB00E4617460446CDF80480002865D0FA
:10D7500022B9002528460EB0BDE8F08700295DD02B
:10D7600032F0030902F0030A25D04FF0E063C0E96C
:10D77000003801230891099349F000530A9308AA3D
:10D7800002ABC0F80880C0F8208007CA83E8070011
:10D7900019462046F3F76CD949462046F3F732D9AB
:10D7A0002046F3F707D8054628B14A464146304699
:10D7B000F3F770DDCEE7BAF1000FCAD04FF00008E2
:10D7C0004FF0E063C4E9003801AB0B9301230C93E5
:10D7D000134B0EAA0D9305AB12E90700C4F808809D
:10D7E00083E80700C4F8208019462046F3F740D9A3
:10D7F00004212046F3F706D92046F2F7DBDF054681
:10D8000008B13A46D2E7019A4E44EB00013522FABC
:10D8100003F3AA4506F8013BF7D19AE7212599E7DA
:10D82000040000202DE9F0410C46154606468AB05A
:10D83000002844D0002942D05A1E072A3FD8072D7D
:10D840003DD85F19082F3AD800231F4A8360C0E9EA
:10D850000023036201230DF11808CDF80C80049316
:10D860001A4B03AA05936B4607CA83E807003046A4
:10D870001946F3F7FDD83046F2F79CDF10B9214680
:10D88000AF4202D80AB0BDE8F08138F815200D602B
:10D8900002F44053B3F5405F13D093044CBF02230E
:10D8A000C2F300330B72C2F30B03DB034B60C2F312
:10D8B0008033D20B4B728A7201350C31E0E72120A4
:10D8C000E0E70220DEE700BF000053FF1000002069
:10D8D000F0B516460546A7B0002857D0002955D008
:10D8E000002A53D000230127294C2A4A0891C0E975
:10D8F0000023099783600A94036208AA02AB07CA4F
:10D9000083E807000B960BAA0C970D9405AC07CA89
:10D9100084E8070019462846F3F7AAD82146284686
:10D92000F3F7A6D82846F2F745DF044640BB01903E
:10D9300001A92846F3F740D8044608BB40F2022369
:10D94000019A9A421CD8014660220EA8F3F7A2DC85
:10D950000823224628460EA9FFF764FFA0B9082233
:10D960000EAB197A0C33022904BF53F8081C00EBE4
:10D97000D100013AF5D13368834204D31B1A3360D6
:10D98000204627B0F0BD02200446F9E72124F7E73E
:10D9900004000020000064FF70B50E461C460546DA
:10D9A00086B040B323B332B313F0030323D113493A
:10D9B0008360C0E90013036201230392049344F0DF
:10D9C000005305936B4606AA12E9070083E8070097
:10D9D0001946284600F0F6FE31462846F3F712D8DD
:10D9E00021462846F3F70ED82846F2F74FDF0446C3
:10D9F000204606B070BD2124FAE700BF000063FF97
:10DA000090B189B101234B60C368013B012B08D859
:10DA10008269064B1AB10A6000208B607047044A85
:10DA2000F9E74FF00053F7E7212070470800002086
:10DA3000FCF200011FB50446A8B1A1B1FC2A12D125
:10DA4000012301910293094B094A0393002301A981
:10DA5000C0E9002383600362F3F70AD82046F2F797
:10DA6000A9DE04B010BD2120FBE700BFFC000020B0
:10DA70000000FD437FB515460446D8B1D3B112F07E
:10DA8000030219D1019301230C4E029346EA0121AE
:10DA90000B4BC0E900128260026201A90393F2F706
:10DAA000E7DF20462946F2F7ADDF2046F2F782DEB7
:10DAB00004B070BD2220FBE72120F9E702003043CB
:10DAC000040000202DE9F0413C4F3B781BB33C485B
:10DAD000F2F70BDB18B171213A4800F0FDF83A4833
:10DAE000F2F703DB18B17221364800F0F5F800F0C8
:10DAF00073FE3348F2F7FCDA18B17421314800F0B4
:10DB0000EBF83148F2F7F4DA18B175212D4800F03E
:10DB1000E3F8002018E0F3F7FDDB0128064615D9ED
:10DB2000F3F724DC051E47DB3B78002B3DD14FF09B
:10DB30005008264C04EB0800A465C4F85C80F3F799
:10DB4000BCDC206640B90120BDE8F0813B7803F0E1
:10DB5000FF05002BBBD1EAE71D4C04F15000C4E9DE
:10DB60001648F3F7AADC20660028ECD004F1640321
:10DB700004F1B400C4E92F38F3F79FDCC4F8C40003
:10DB80000028E0D00021134C012004F110032246AC
:10DB9000C4E90011C4E90238F3F73FDD206600282C
:10DBA000D1D001239E423B7091D92846F3F7F4DB94
:10DBB00000288CDA0220C7E70D20C5E7505400206A
:10DBC000B8EE00019CF30001C0EE0001644E00209D
:10DBD000C84E0020004E0020014800F09FB800BF52
:10DBE0002CF4000110B5044C4FF4FA60F5F70AD993
:10DBF000204600F096F8F7E72CF400011FB50B4B18
:10DC0000A02202930A4B0B49019301230A48009377
:10DC10000023F4F743DE30B95521084805B05DF81C
:10DC200004EB00F059B805B05DF804FB904F0020FC
:10DC3000E84F002044F40001E5DB00014FF400014F
:10DC400008B5064B044613B10021AFF30080044B26
:10DC50001B6803B19847204600F03FF80000000021
:10DC6000A053002070B50D4D00260D4C641BA41070
:10DC7000A64209D10B4D00260B4C00F031FE641B6F
:10DC8000A410A64205D170BD55F8043B0136984753
:10DC9000EEE755F8043B01369847F2E7E8540020D8
:10DCA000E8540020E8540020EC540020014B186890
:10DCB000704700BF8C5400200F207047FEE7002300
:10DCC0009A4200D1704710B550F8234041F82340E4
:10DCD00001339A42F8D110BDFEE7FEE708B50820EF
:10DCE00000F005F8BDE80840082000F00BB84FF040
:10DCF00060420123D2F8001E83400B430020C2F88B
:10DD0000003E70474FF060410122D1F8003E824052
:10DD100023EA02030020C1F8003E7047D0E9000367
:10DD2000184703690068184707B503788DF8043071
:10DD300043788DF80530837801A823B9FEF700F801
:10DD400003B05DF804FBFDF7D5FFF9E707B50378ED
:10DD50008DF8043043788DF80530837801A823B915
:10DD6000FDF7C8FF03B05DF804FBFDF7E9FFF9E735
:10DD700007B503788DF80430437801A88DF8053095
:10DD8000F2F78ADB03B05DF804FB13B504460378B1
:10DD90000DF103018DF80430437801A88DF80530AA
:10DDA000FDF7F4FFA3789DF803000BB980F00100A4
:10DDB00002B010BD70B5054614460E46F2F767DE98
:10DDC0002B685C4034405C402C60BDE87040F2F74A
:10DDD000599E4FF023439A689107FCD45A689207E2
:10DDE000F9D4DA69002AF6D1704708B5FFF7F1FFD8
:10DDF0004FF02343012203F580514A601A6108BDA8
:10DE000038B54FF02345FFF7E4FF6B680446012B5C
:10DE100003D1FEF70DF9FFF7DCFF2378EB6038BD87
:10DE200038B505460C46F2F7BFDBC5B96268237802
:10DE300012B1127843EAC203627843EA4203A2684D
:10DE400012B1127843EA8213E27843EA820322692C
:10DE500012B1127843EA42234FF02342936538BD52
:10DE6000704700207047FEF717B9FEF741B9F8B5C3
:10DE70000C468D18073552421540A5F10807064695
:10DE8000384600F060F9A0883B1B618800EBE30096
:10DE900080B2A1EBE30125F8040C25F8061CA1884B
:10DEA000DA10D1B1A4EBC101B1F802C0C88002EB15
:10DEB0000C004880E188B9B18A1A92B204EBC10122
:10DEC00025F8022C8A80A2888AB9B2681344F268C5
:10DED000B360934288BFF3600EE015F8081C41F070
:10DEE000020105F8081CE5E725F8021CEBE7A4EBA6
:10DEF000C2042278D207E8D43846F8BD07B500221C
:10DF00004FF0FF3101AB0192FEF75AFD21280FD0EF
:10DF1000222805D0192807D1FFF7C8FE0C2302E0FC
:10DF2000FFF7C4FE8D230360019803B05DF804FB86
:10DF3000FFF7BCFE1623F6E72DE9F04F0C4685B03F
:10DF4000002900F0EA800846F2F79EDB0546D0E99A
:10DF50000568F2F7A5DD14F808EC34F806CC1EF0DD
:10DF6000010F019002D0BCF1000F06D10198F2F729
:10DF700092DD012005B0BDE8F08FA968D5F810B09A
:10DF800034F8049CA1EBCC010BF10103A4F10807C8
:10DF90000CF10102A9602B61B9F1000F43D04FEAE7
:10DFA000C9030293A7EBC903D888B3F802A0039072
:10DFB00018780EF0020EC00725D4BEF1000F25D14F
:10DFC0000398A0EB0A0EBEF1010F2CD10CF1020256
:10DFD00008395244C5F810B0A96034F802ECBEF11B
:10DFE000000F22D114F8081C24F806EC6EF300018F
:10DFF00004F8081C013A5A801A786EF300021A706D
:10E000000022DA8045E0BEF1000F0CD002984A44AD
:10E01000091AA96014F8081C6FF3410104F8081CE0
:10E0200000219980D9E73B46D7E707EBCE0AD5E92F
:10E03000001001EB0009CA450ED314F8081C013A80
:10E040006FF3000104F8081C002124F8061C5A8014
:10E050001A7861F30002D2E717F83E70514617F0C4
:10E0600001072FD014F8087C013A6FF3000704F879
:10E07000087C002792B224F8067C5A801A7867F34D
:10E0800000021A70C3F107020A44C2F3CF02DA8019
:10E090008A80002E3FD0B3423DD37288002A08BF49
:10E0A0001E46B8F1000F06D0434504D8B8F8022048
:10E0B000002A18BF43460198C5E90563F2F7EBDC77
:10E0C000002057E7AEEB0C0EBEF1010FCAD1BAF833
:10E0D00002C0AAF802709444BAF80620CAB10AEB4A
:10E0E000C20100272A69013A2A61AA68083AAA608F
:10E0F00014F8082C24F8067C6FF3000204F8082CAE
:10E100001A78A3F802C067F300021A700029B9D187
:10E1100076E71146E5E71E46C3E722202AE70146D7
:10E120000020FFF709BF08B5FFF7F9FF012806D067
:10E13000222803D1FFF7BAFD0E23036008BDFFF7C5
:10E14000B5FD1623F9E70023036043607047F0B57F
:10E15000D0E90540551C08BF0822002B4FF00005F0
:10E1600018BF0446DDF818C0CCF80050002C37D09A
:10E170009DF814706588FF0007EBC505C2F1000E1D
:10E180002078C00708D51BBBE088A0B104EBC00411
:10E19000658807EBC505F3E78D42F4D363B904F155
:10E1A0000806B6FBF2F002FB106670180EB1A8422A
:10E1B000EAD8CCF80040F0BD082A0FD060880130C2
:10E1C00004EBC000461A06EA0E06801B8542F0D218
:10E1D000A0880028EFD0A4EBC004D9E70846E8E700
:10E1E0002046E8E72DE9F041D0E905450746884695
:10E1F0001646F3B194420FD042B1954215D1424632
:10E2000001213846FEF7F4FB05460EE00A4631468A
:10E21000FEF7EEFB0446F2E70A460021FEF7E8FBB4
:10E22000B5420446EBD0002EE9D0C7E90545BDE86C
:10E23000F081944208D08C4228BF0C46B54205D0EC
:10E24000454538BF4546F0E70C46F7E74546ECE75D
:10E2500008B500F016F800F03AF8FEE7704770478E
:10E260007047704708B500F0DFFA00F0E9FA00F0F7
:10E27000F2FAFFF7F5FF00F0FBFABDE8084000F006
:10E28000F8BA08B5FEF77AFAFFF7EAFDFFF7E6FFFE
:10E29000FEF740FAFFF7E9FDFEF730FCFFF7DFFF7E
:10E2A000F3F722D800F007F800F0C7FABDE80840FD
:10E2B000FEF704BC704708B500F0B2FA00F0B1FAFE
:10E2C00000F0B0FA00F0AFFAFFF7F4FF08BD00F07D
:10E2D000B5BA00207047C0B1D0E90023013216D092
:10E2E000013314D044F6563302889A4211D14FF6C6
:10E2F000FF7382889A420CD0C2889A4209D0036880
:10E300000B60436800204B607047222070472D202F
:10E3100070472120704730B50D4604468BB06846E3
:10E32000F2F7AADA2A4621466846FFF705FA0028DE
:10E3300018BF74200BB030BD70B58AB004460D46CE
:10E34000282200216846F2F7A5DFFDF7A1FEB4FB05
:10E35000F0F300FB1343B5FBF0F62BB100FB1650B6
:10E3600010B13E200AB070BD6846F2F785DA324639
:10E3700021466846F2F796DA0028F3D1034603E017
:10E38000E2580132EDD104339D42F9D8EAE7F0B505
:10E390000E46174605468BB06846F2F76DDA3B46E7
:10E3A000324629466846FFF7F7FA044638B93A4636
:10E3B0003146284600F077FA002818BF3C24204652
:10E3C0000BB0F0BD08B50B460146184600F05EFAEA
:10E3D000002008BDFEF7F2BE30B58DB004460D46F4
:10E3E000FEF794FEB8B902A8F2F746DA694601AA28
:10E3F00002A8FFF76DFA50B9009B9C4209D3019A1D
:10E400002C4413449C4288BF21200DB030BD022013
:10E41000FBE72120F9E71120F7E710B504468AB0A1
:10E420006846F2F729DAFC2221466846FFF702FB2C
:10E430000AB010BDB0F1006F0FD300F07843B3F114
:10E44000006F0CD000F06040B0F1404F09D0B0F147
:10E45000604F14BF04200320704700207047012044
:10E4600070470220704708B9212070470029FBD06F
:10E47000036813F0704209D1C3F309030B601BB9A1
:10E480004368002BF0D00B6000207047B2F1004FC2
:10E4900007D18268D2040ED5C369002BE4D01B6873
:10E4A000ECE7B2F1204FF4D0B2F1304FF1D0B2F13D
:10E4B000404FEED0D8E703F07F03DFE737B50C46D7
:10E4C000054610B9212003B030BD0029FAD0002341
:10E4D00001A90193FFF7C7FF0028F4D1296811F0C3
:10E4E000704102D1019B2360EDE7AA68B1F1004FB2
:10E4F000C2F38033C2F34035C2F3003207D10621A4
:10E5000003EB450301FB0233019A5343EBE7B1F1FF
:10E51000204F04D12B4402EB82021344F4E7B1F103
:10E52000304F02D0B1F1404FCCD12B44ECE7F7B5DE
:10E530000C460546002832D0002930D000230B605D
:10E54000036803F070430B60C268042A27D8DFE831
:10E5500002F0060329292C0043F000632360EB68D6
:10E56000042B25D16A7C032A19D8236823F0407331
:10E5700043EA026323602A7C1F2A10D823F47C0319
:10E5800043EA82432360AA7C072A08D823F4603335
:10E5900043EAC2332360AB6813F0407F32D02120BE
:10E5A00003B0F0BD43F08063D8E743F04063D5E7A4
:10E5B000AA68960102F040716DD5B1F1407F6DD02F
:10E5C000002BECD04FF00072236823F0407313430C
:10E5D0002360EA68022A07D12A69032ADFD823F4D4
:10E5E0007F0343EA02432360EB68032B03D12B69CB
:10E5F000F52BD4D9A370AB68180442BF236843F449
:10E6000000432360EB68032B09D023682A6823F4B6
:10E61000FF4323F07F03C2F30E02134323602B68F2
:10E62000AE68002B06F4805745DB16F4E84FB6D1F0
:10E630002B6806F4806603F0704303F10043B3F1E6
:10E64000804F04D21EB1236843F4806323602A689C
:10E65000AB68002A48DA13F4407FA0D10023284693
:10E6600001A90193FFF7FFFE002899D12B6813F051
:10E67000704146D12368019A23F47F7323F003038A
:10E68000C2F3090213432360002F89D0EB69002BEA
:10E6900085D00F2084E7B1F1407F05D1002B3FF4F6
:10E6A0007EAF4FF040728FE702F08072002B8BD16B
:10E6B000002A89D073E7710406F400520DD4002AB1
:10E6C0003FF46DAF236843F400532360002FAFD0B5
:10E6D000236843F480532360AAE7236843F480430C
:10E6E0002360002AF2D0EDE79A0542BF226842F487
:10E6F00080622260DB0542BF236843F4006323602D
:10E70000ACE703F05043B3F1004F06D0B1F1304F06
:10E7100003D0B1F1404F7FF442AF019B2268013B2F
:10E7200003F07F0322F07F0213432360002F3FF4A6
:10E7300037AFEA69002A3FF432AFB1F1004FA8D1F8
:10E74000117F71B1002E3FF42BAF43F400732360AF
:10E75000537F002B3FF424AF236843F4807323607E
:10E760001EE7537F002B3FF41BAF002EF4D117E7B9
:10E7700073B50C46054608B921201AE00029FBD0E4
:10E780000123C6684B609E4217D8002301A901935C
:10E79000FFF794FE68B9019B06B11C336A699A427F
:10E7A00009D32A69002AE7D0226043F000530020F1
:10E7B000A36002B070BD1D20FBE7023E022EDBD835
:10E7C0000023F4E7436813B9416070475B685A68F7
:10E7D000012AFBD15960704738B500252846F2F769
:10E7E000A1DB0446B8B14FF48061F2F7B5DB90B11C
:10E7F00000221C212046F2F7B6DB4FF0FF32302119
:10E800002046F2F7B0DB013534221C212046F2F716
:10E81000AADB402DE2D1002038BDFFF7EFB97047E9
:10E82000704770477047704708B5FDF751F8FFF71C
:10E830001AFBBDE80840FDF741B87047F2F77A9D32
:10E8400008B5FDF775F9FDF703FAFFF7C5F9BDE85F
:10E850000840FFF743BA08B5FFF72EFAFEF756FC5B
:10E86000FFF730F9FEF72EFCBDE80840FEF7B4B91B
:10E870007047704708B5FFF7F5FCFFF7CEFFFFF7CD
:10E8800028FD00B908BDFFF7ECFCF8E70A44431E79
:10E89000914200D1704710B511F8014B914203F835
:10E8A000014FF9D110BD0139024410B5904201D198
:10E8B000002005E0037811F8014FA34201D0181B96
:10E8C00010BD0130F2E70000000000000000000071
:10E8D0000000000000000000000000000000000038
:10E8E000F8B500BFF8BC08BC9E467047F8B500BF3D
:10E8F000F8BC08BC9E4670472F686F6D652F747515
:10E9000079612F2E73696C6162732F736C742F6938
:10E910006E7374616C6C732F636F6E616E2F702FEA
:10E9200073696D706C39363565313962616563655F
:10E9300032332F702F6672656572746F732F636D3B
:10E940007369732F536F757263652F636D7369738A
:10E950005F6F73322E63002F686F6D652F7475794A
:10E96000612F2E73696C6162732F736C742F696EE3
:10E970007374616C6C732F636F6E616E2F702F7385
:10E98000696D706C39363565313962616563653240
:10E99000332F702F6672656572746F732F6B65729B
:10E9A0006E656C2F706F727461626C652F474343A4
:10E9B0002F41524D5F434D33335F4E545A2F6E6F8C
:10E9C0006E5F7365637572652F706F72742E63006E
:10E9D0002F686F6D652F747579612F2E73696C6167
:10E9E00062732F736C742F696E7374616C6C732F08
:10E9F000636F6E616E2F702F73696D706C39363571
:10EA0000653139626165636532332F702F667265D7
:10EA10006572746F732F6B65726E656C2F7175659F
:10EA200075652E63002F686F6D652F747579612F82
:10EA30002E73696C6162732F736C742F696E7374BB
:10EA4000616C6C732F636F6E616E2F702F73696DC5
:10EA5000706C393635653139626165636532332FE3
:10EA6000702F6672656572746F732F6B65726E6559
:10EA70006C2F7461736B732E630049444C450054D2
:10EA80006D7251002F686F6D652F747579612F2E2F
:10EA900073696C6162732F736C742F696E73746128
:10EAA0006C6C732F636F6E616E2F702F73696D7056
:10EAB0006C393635653139626165636532332F7083
:10EAC0002F6672656572746F732F6B65726E656CFD
:10EAD0002F74696D6572732E6300546D72205376C6
:10EAE00063002F686F6D652F747579612F2E7369C0
:10EAF0006C6162732F736C742F696E7374616C6CCC
:10EB0000732F636F6E616E2F702F73696D706C3928
:10EB10003635653139626165636532332F702F7028
:10EB20006C6174666F726D5F636F72652F706C617C
:10EB300074666F726D2F6472697665722F67706983
:10EB40006F2F7372632F736C5F6770696F2E630032
:10EB50000FFF7F2F686F6D652F747579612F2E738E
:10EB6000696C6162732F736C742F696E7374616C5E
:10EB70006C732F636F6E616E2F702F73696D706C85
:10EB8000393635653139626165636532332F702FEF
:10EB9000706C6174666F726D5F636F72652F706CFD
:10EBA0006174666F726D2F706572697068657261ED
:10EBB0006C2F696E632F736C5F68616C5F6770693F
:10EBC0006F2E68002F686F6D652F747579612F2E19
:10EBD00073696C6162732F736C742F696E737461E7
:10EBE0006C6C732F636F6E616E2F702F73696D7015
:10EBF0006C393635653139626165636532332F7042
:10EC00002F706C6174666F726D5F636F72652F70C9
:10EC10006C6174666F726D2F706572697068657271
:10EC2000616C2F7372632F736C5F68616C5F6770C8
:10EC3000696F2E63000FFF7F2F686F6D652F7475EE
:10EC400079612F2E73696C6162732F736C742F69F5
:10EC50006E7374616C6C732F636F6E616E2F702FA7
:10EC600073696D706C39363565313962616563651C
:10EC700032332F702F706C6174666F726D5F636FCB
:10EC800072652F706C6174666F726D2F706572693A
:10EC900070686572616C2F696E632F736C5F686159
:10ECA0006C5F7379737274632E68002F686F6D6583
:10ECB0002F747579612F2E73696C6162732F736C79
:10ECC000742F696E7374616C6C732F636F6E616EF9
:10ECD0002F702F73696D706C39363565313962610B
:10ECE00065636532332F702F706C6174666F726D5F
:10ECF0005F636F72652F706C6174666F726D2F70D9
:10ED000065726970686572616C2F7372632F736CC2
:10ED10005F68616C5F7379737274635F737562733C
:10ED2000797374656D2E63002F686F6D652F747530
:10ED300079612F2E73696C6162732F736C742F6904
:10ED40006E7374616C6C732F636F6E616E2F702FB6
:10ED500073696D706C39363565313962616563652B
:10ED600032332F702F706C6174666F726D5F636FDA
:10ED700072652F706C6174666F726D2F7065726949
:10ED800070686572616C2F696E632F736C5F686168
:10ED90006C5F6275732E68002F686F6D652F7475D8
:10EDA00079612F2E73696C6162732F736C742F6994
:10EDB0006E7374616C6C732F636F6E616E2F702F46
:10EDC00073696D706C3936356531396261656365BB
:10EDD00032332F702F706C6174666F726D5F636F6A
:10EDE00072652F706C6174666F726D2F73657276C9
:10EDF0006963652F636C6F636B5F6D616E616765DF
:10EE0000722F7372632F736C5F636C6F636B5F6DD4
:10EE1000616E616765725F68616C5F73332E63005A
:10EE20002F686F6D652F747579612F2E73696C6112
:10EE300062732F736C742F696E7374616C6C732FB3
:10EE4000636F6E616E2F702F73696D706C3936351C
:10EE5000653139626165636532332F702F706C6183
:10EE600074666F726D5F636F72652F706C6174662C
:10EE70006F726D2F736572766963652F636C6F6354
:10EE80006B5F6D616E616765722F7372632F736C58
:10EE90005F636C6F636B5F6D616E616765725F6905
:10EEA0006E69745F68616C5F73332E6300000000ED
:10EEB000C0000000100000005F00000043000000E0
:10EEC0000200000016000000140000001300000003
:10EED000120000001A00000011000000000000A352
:10EEE00013000000B0EE00012F686F6D652F747580
:10EEF00079612F2E73696C6162732F736C742F6943
:10EF00006E7374616C6C732F636F6E616E2F702FF4
:10EF100073696D706C393635653139626165636569
:10EF200032332F702F706C6174666F726D5F636F18
:10EF300072652F706C6174666F726D2F7365727677
:10EF40006963652F696E746572727570745F6D6147
:10EF50006E616765722F7372632F736C5F696E7475
:10EF60006572727570745F6D616E616765725F6303
:10EF70006F727465786D2E63002F686F6D652F74E6
:10EF80007579612F2E73696C6162732F736C742FA6
:10EF9000696E7374616C6C732F636F6E616E2F702A
:10EFA0002F73696D706C393635653139626165630F
:10EFB0006532332F702F706C6174666F726D5F6392
:10EFC0006F72652F706C6174666F726D2F736572EE
:10EFD000766963652F6D656D6F72795F6D616E61C6
:10EFE0006765722F7372632F736C5F6D656D6F72DF
:10EFF000795F6D616E616765722E63002F686F6D5A
:10F00000652F747579612F2E73696C6162732F732C
:10F010006C742F696E7374616C6C732F636F6E61A7
:10F020006E2F702F73696D706C39363565313962AA
:10F030006165636532332F702F706C6174666F7217
:10F040006D5F636F72652F706C6174666F726D2F88
:10F05000736572766963652F6D656D6F72795F6D2B
:10F06000616E616765722F7372632F736C695F6D78
:10F07000656D6F72795F6D616E616765725F636FF9
:10F080006D6D6F6E2E63002F686F6D652F747579CF
:10F09000612F2E73696C6162732F736C742F696EAC
:10F0A0007374616C6C732F636F6E616E2F702F734E
:10F0B000696D706C39363565313962616563653209
:10F0C000332F702F706C6174666F726D5F636F7237
:10F0D000652F706C6174666F726D2F7365727669DF
:10F0E00063652F736C5F6D61696E2F7372632F732D
:10F0F0006C5F6D61696E5F6B65726E656C2E63002F
:10F100007EEA000100000000000000000000000096
:10F1100000000000001000003700000000000000A8
:10F12000000000002F686F6D652F747579612F2EB8
:10F1300073696C6162732F736C742F696E73746181
:10F140006C6C732F636F6E616E2F702F73696D70AF
:10F150006C393635653139626165636532332F70DC
:10F160002F706C6174666F726D5F636F72652F7064
:10F170006C6174666F726D2F736572766963652F4B
:10F18000736C65657074696D65722F7372632F732C
:10F190006C5F736C65657074696D65722E63002FAA
:10F1A000686F6D652F747579612F2E73696C61625C
:10F1B000732F736C742F696E7374616C6C732F632F
:10F1C0006F6E616E2F702F73696D706C3936356597
:10F1D0003139626165636532332F702F706C6174F1
:10F1E000666F726D5F636F72652F706C6174666FAE
:10F1F000726D2F736572766963652F746F6B656EC0
:10F200005F6D616E616765722F7372632F736C5FE0
:10F21000746F6B656E5F6D616E616765725F6C6F59
:10F22000636B2E630043544D204D75746578000068
:10F2300025F20001030000000000000000000000B3
:10F2400071CE000117E3000199CE00010DCF00013E
:10F25000D9E30001D5E30001C5E300018FE300011C
:10F2600039E30001FFFFFFFFFFFFFFFF2F686F6D16
:10F27000652F747579612F2E73696C6162732F73BA
:10F280006C742F696E7374616C6C732F636F6E6135
:10F290006E2F702F73696D706C3936356531396238
:10F2A0006165636532332F702F736563757269749E
:10F2B000795F73655F6D616E616765722F706C61F8
:10F2C00074666F726D2F73656375726974792F73CD
:10F2D0006C5F636F6D706F6E656E742F73655F6DBD
:10F2E000616E616765722F7372632F736C5F7365F4
:10F2F0005F6D616E616765722E6300000000000043
:10F30000000000002F686F6D652F747579612F2ED6
:10F3100073696C6162732F736C742F696E7374619F
:10F320006C6C732F636F6E616E2F702F73696D70CD
:10F330006C393635653139626165636532332F70FA
:10F340002F73656375726974795F73655F6D616E44
:10F35000616765722F706C6174666F726D2F736573
:10F360006375726974792F736C5F636F6D706F6E04
:10F37000656E742F73655F6D616E616765722F7363
:10F3800072632F736C695F73655F6D616E61676532
:10F39000725F6D61696C626F782E63002F686F6DAC
:10F3A000652F747579612F2E73696C6162732F7389
:10F3B0006C742F696E7374616C6C732F636F6E6104
:10F3C0006E2F702F73696D706C3936356531396207
:10F3D0006165636532332F702F736563757269746D
:10F3E000795F737873796D63727970742F73726358
:10F3F0002F706C6174666F726D2F73696C69636FC7
:10F400006E5F6C6162732F736C695F737873796D73
:10F4100063727970745F656E67696E655F6D616E4A
:10F420006167656D656E742E63000000E554002011
:10F430002DBE000129DD00014DDD000171DD00015F
:10F440008BDD0001626C696E6B207461736B002F41
:10F45000686F6D652F747579612F53696D706C6974
:10F460006369747953747564696F2F4D4733303114
:10F470005F426F6172642F626C696E6B5F6B657265
:10F480006E656C5F6672656572746F735F73332F40
:08F49000626C696E6B2E6300D3
:08F498000C1B7F7F0100000046
:0CF4A000ACF400015454002027000000D0
:10F4AC0080D5430280D1F00880D543020080000053
:10F4BC0000F04902AAAAAAAA370000000000050021
:10F4CC0000000000000000410000000001000000EE
:10F4DC00004000410000000090540020000000009B
:10F4EC0068520020D0520020385300200000000049
:10F4FC000000000000000000000000000000000000
:10F50C0000000000000000000000000000000000EF
:10F51C0000000000000000000000000000000000DF
:10F52C0000000000000000000C00000000000201C0
:0CF53C00010303011DB80001F5B7000138
:040000050100B8F945
:00000001FF
