S02B00002F686F6D652F747579612F53696D706C696369747953747564696F2F4D473330315F426F6172642F6F
S31501000000083A00204D000011FD010011FD0100110B
S31501000010FD010011FD010011FD010011FD0100119D
S31501000020FD010011FD010011FD010011FD0100118D
S31501000030FD010011FD010011FD010011FD0100117D
S3150100004000000011008000010080000067485B4B42
S315010000507844D0F800C04668C3F808C0326882F315
S315010000608888574A574C96605A6A42F400225A6267
S31501000070554ADA60D3F88C2042F4406242F001021C
S31501000080C3F88C2000234FF0FF32214641F823208C
S315010000900133102BFAD14FF450424C4BFF219A6693
S315010000A001224B4B4B4CC3F89011C3F83021C4F8D5
S315010000B070118068B0F5003F7BD007D8B0F5004FCE
S315010000C00DD0B0F5803F09D0002208E0B0F5802FB1
S315010000D071D0B0F5002FF7D1052200E002224FF0D2
S315010000E0FF31C3F86422C3F8701233465C680126F7
S315010000F04FF01009384FDFF8F8E0DFF8F8803200EA
S315010001003B461A60320073461A601A6802EA060212
S31501000110002AFAD14FF41047304D2B463A461A6061
S3150100012007F1A2476FF48018DFF8CCE007F5835793
S315010001303B460A461A60734642461A60284DA7F5A1
S315010001405E6729462CF07F43B3FBF0F3202B05D9DC
S31501000150A3F120034FF0FF320A6008E04FF00102DD
S315010001609A406FEA02020A604FF0FF33FFE701F19E
S315010001700401B942EADD1B490B4632001A601A49ED
S315010001806408640002220B461A6000200021002246
S3150100019000230025002600275FF000085FF0000914
S315010001A05FF0000A5FF0000B5FF0000CBFF34F8FAA
S315010001B02447032293E7042291E700BF00ED00E004
S315010001C000ED02E080E300E00020FA0500508040E7
S315010001D00090005100A00051185083406860804093
S315010001E07492005170930051D0ED00E0ECFFFFFFD7
S315010001F018D0854014C0854064A00051FEE7000078
S3150100020000000000000000000000000000000000E7
S3150100021000000000000000000000000000000000D7
S3150100022000000000000000000000000000000000C7
S3150100023000000000000000000000000000000000B7
S3150100024000000000000000000000000000000000A7
S315010002500000000000000000000000000000000097
S315010002600000000000000000000000000000000087
S315010002700000000000000000000000000000000077
S315010002800000000000000000000000000000000067
S315010002900000000000000000000000000000000057
S315010002A00000000000000000000000000000000047
S315010002B00000000000000000000000000000000037
S315010002C00000000000000000000000000000000027
S315010002D00000000000000000000000000000000017
S315010002E00000000000000000000000000000000007
S315010002F000000000000000000000000000000000F7
S3150100030000000000000000000000000000000000E6
S3150100031000000000000000000000000000000000D6
S3150100032000000000000000000000000000000000C6
S3150100033000000000000000000000000000000000B6
S3150100034000000000000000000000000000000000A6
S315010003500000000000000000000000000000000096
S315010003600000000000000000000000000000000086
S315010003700000000000000000000000000000000076
S315010003800000000000000000000000000000000066
S315010003900000000000000000000000000000000056
S315010003A00000000000000000000000000000000046
S315010003B00000000000000000000000000000000036
S315010003C00000000000000000000000000000000026
S315010003D00000000000000000000000000000000016
S315010003E00000000000000000000000000000000006
S315010003F000000000000000000000000000000000F6
S3150100040000000000000000000000000000000000E5
S3150100041000000000000000000000000000000000D5
S3150100042000000000000000000000000000000000C5
S3150100043000000000000000000000000000000000B5
S3150100044000000000000000000000000000000000A5
S315010004500000000000000000000000000000000095
S315010004600000000000000000000000000000000085
S315010004700000000000000000000000000000000075
S315010004800000000000000000000000000000000065
S315010004900000000000000000000000000000000055
S315010004A00000000000000000000000000000000045
S315010004B00000000000000000000000000000000035
S315010004C00000000000000000000000000000000025
S315010004D00000000000000000000000000000000015
S315010004E00000000000000000000000000000000005
S315010004F000000000000000000000000000000000F5
S3150100050000000000000000000000000000000000E4
S3150100051000000000000000000000000000000000D4
S3150100052000000000000000000000000000000000C4
S3150100053000000000000000000000000000000000B4
S3150100054000000000000000000000000000000000A4
S315010005500000000000000000000000000000000094
S315010005600000000000000000000000000000000084
S315010005700000000000000000000000000000000074
S315010005800000000000000000000000000000000064
S315010005900000000000000000000000000000000054
S315010005A00000000000000000000000000000000044
S315010005B00000000000000000000000000000000034
S315010005C00000000000000000000000000000000024
S315010005D00000000000000000000000000000000014
S315010005E00000000000000000000000000000000004
S315010005F000000000000000000000000000000000F4
S3150100060000000000000000000000000000000000E3
S3150100061000000000000000000000000000000000D3
S3150100062000000000000000000000000000000000C3
S3150100063000000000000000000000000000000000B3
S3150100064000000000000000000000000000000000A3
S315010006500000000000000000000000000000000093
S315010006600000000000000000000000000000000083
S315010006700000000000000000000000000000000073
S315010006800000000000000000000000000000000063
S315010006900000000000000000000000000000000053
S315010006A00000000000000000000000000000000043
S315010006B00000000000000000000000000000000033
S315010006C00000000000000000000000000000000023
S315010006D00000000000000000000000000000000013
S315010006E00000000000000000000000000000000003
S315010006F000000000000000000000000000000000F3
S3150100070000000000000000000000000000000000E2
S3150100071000000000000000000000000000000000D2
S3150100072000000000000000000000000000000000C2
S3150100073000000000000000000000000000000000B2
S3150100074000000000000000000000000000000000A2
S315010007500000000000000000000000000000000092
S315010007600000000000000000000000000000000082
S315010007700000000000000000000000000000000072
S315010007800000000000000000000000000000000062
S315010007900000000000000000000000000000000052
S315010007A00000000000000000000000000000000042
S315010007B00000000000000000000000000000000032
S315010007C00000000000000000000000000000000022
S315010007D00000000000000000000000000000000012
S315010007E00000000000000000000000000000000002
S315010007F000000000000000000000000000000000F2
S3150100080000000000000000000000000000000000E1
S3150100081000000000000000000000000000000000D1
S3150100082000000000000000000000000000000000C1
S3150100083000000000000000000000000000000000B1
S3150100084000000000000000000000000000000000A1
S315010008500000000000000000000000000000000091
S315010008600000000000000000000000000000000081
S315010008700000000000000000000000000000000071
S315010008800000000000000000000000000000000061
S315010008900000000000000000000000000000000051
S315010008A00000000000000000000000000000000041
S315010008B00000000000000000000000000000000031
S315010008C00000000000000000000000000000000021
S315010008D00000000000000000000000000000000011
S315010008E00000000000000000000000000000000001
S315010008F000000000000000000000000000000000F1
S3150100090000000000000000000000000000000000E0
S3150100091000000000000000000000000000000000D0
S3150100092000000000000000000000000000000000C0
S3150100093000000000000000000000000000000000B0
S3150100094000000000000000000000000000000000A0
S315010009500000000000000000000000000000000090
S315010009600000000000000000000000000000000080
S315010009700000000000000000000000000000000070
S315010009800000000000000000000000000000000060
S315010009900000000000000000000000000000000050
S315010009A00000000000000000000000000000000040
S315010009B00000000000000000000000000000000030
S315010009C00000000000000000000000000000000020
S315010009D00000000000000000000000000000000010
S315010009E00000000000000000000000000000000000
S315010009F000000000000000000000000000000000F0
S31501000A0000000000000000000000000000000000DF
S31501000A1000000000000000000000000000000000CF
S31501000A2000000000000000000000000000000000BF
S31501000A3000000000000000000000000000000000AF
S31501000A40000000000000000000000000000000009F
S31501000A50000000000000000000000000000000008F
S31501000A60000000000000000000000000000000007F
S31501000A70000000000000000000000000000000006F
S31501000A80000000000000000000000000000000005F
S31501000A90000000000000000000000000000000004F
S31501000AA0000000000000000000000000000000003F
S31501000AB0000000000000000000000000000000002F
S31501000AC0000000000000000000000000000000001F
S31501000AD0000000000000000000000000000000000F
S31501000AE000000000000000000000000000000000FF
S31501000AF000000000000000000000000000000000EF
S31501000B0000000000000000000000000000000000DE
S31501000B1000000000000000000000000000000000CE
S31501000B2000000000000000000000000000000000BE
S31501000B3000000000000000000000000000000000AE
S31501000B40000000000000000000000000000000009E
S31501000B50000000000000000000000000000000008E
S31501000B60000000000000000000000000000000007E
S31501000B70000000000000000000000000000000006E
S31501000B80000000000000000000000000000000005E
S31501000B90000000000000000000000000000000004E
S31501000BA0000000000000000000000000000000003E
S31501000BB0000000000000000000000000000000002E
S31501000BC0000000000000000000000000000000001E
S31501000BD0000000000000000000000000000000000E
S31501000BE000000000000000000000000000000000FE
S31501000BF000000000000000000000000000000000EE
S31501000C0000000000000000000000000000000000DD
S31501000C1000000000000000000000000000000000CD
S31501000C2000000000000000000000000000000000BD
S31501000C3000000000000000000000000000000000AD
S31501000C40000000000000000000000000000000009D
S31501000C50000000000000000000000000000000008D
S31501000C60000000000000000000000000000000007D
S31501000C70000000000000000000000000000000006D
S31501000C80000000000000000000000000000000005D
S31501000C90000000000000000000000000000000004D
S31501000CA0000000000000000000000000000000003D
S31501000CB0000000000000000000000000000000002D
S31501000CC0000000000000000000000000000000001D
S31501000CD0000000000000000000000000000000000D
S31501000CE000000000000000000000000000000000FD
S31501000CF000000000000000000000000000000000ED
S31501000D0000000000000000000000000000000000DC
S31501000D1000000000000000000000000000000000CC
S31501000D2000000000000000000000000000000000BC
S31501000D3000000000000000000000000000000000AC
S31501000D40000000000000000000000000000000009C
S31501000D50000000000000000000000000000000008C
S31501000D60000000000000000000000000000000007C
S31501000D70000000000000000000000000000000006C
S31501000D80000000000000000000000000000000005C
S31501000D90000000000000000000000000000000004C
S31501000DA0000000000000000000000000000000003C
S31501000DB0000000000000000000000000000000002C
S31501000DC0000000000000000000000000000000001C
S31501000DD0000000000000000000000000000000000C
S31501000DE000000000000000000000000000000000FC
S31501000DF000000000000000000000000000000000EC
S31501000E0000000000000000000000000000000000DB
S31501000E1000000000000000000000000000000000CB
S31501000E2000000000000000000000000000000000BB
S31501000E3000000000000000000000000000000000AB
S31501000E40000000000000000000000000000000009B
S31501000E50000000000000000000000000000000008B
S31501000E60000000000000000000000000000000007B
S31501000E70000000000000000000000000000000006B
S31501000E80000000000000000000000000000000005B
S31501000E90000000000000000000000000000000004B
S31501000EA0000000000000000000000000000000003B
S31501000EB0000000000000000000000000000000002B
S31501000EC0000000000000000000000000000000001B
S31501000ED0000000000000000000000000000000000B
S31501000EE000000000000000000000000000000000FB
S31501000EF000000000000000000000000000000000EB
S31501000F0000000000000000000000000000000000DA
S31501000F1000000000000000000000000000000000CA
S31501000F2000000000000000000000000000000000BA
S31501000F3000000000000000000000000000000000AA
S31501000F40000000000000000000000000000000009A
S31501000F50000000000000000000000000000000008A
S31501000F60000000000000000000000000000000007A
S31501000F70000000000000000000000000000000006A
S31501000F80000000000000000000000000000000005A
S31501000F90000000000000000000000000000000004A
S31501000FA0000000000000000000000000000000003A
S31501000FB0000000000000000000000000000000002A
S31501000FC0000000000000000000000000000000001A
S31501000FD0000000000000000000000000000000000A
S31501000FE000000000000000000000000000000000FA
S31501000FF000000000000000000000000000000000EA
S3150100100000000000000000000000000000000000D9
S3150100101000000000000000000000000000000000C9
S3150100102000000000000000000000000000000000B9
S3150100103000000000000000000000000000000000A9
S315010010400000000000000000000000000000000099
S315010010500000000000000000000000000000000089
S315010010600000000000000000000000000000000079
S315010010700000000000000000000000000000000069
S315010010800000000000000000000000000000000059
S315010010900000000000000000000000000000000049
S315010010A00000000000000000000000000000000039
S315010010B00000000000000000000000000000000029
S315010010C00000000000000000000000000000000019
S315010010D00000000000000000000000000000000009
S315010010E000000000000000000000000000000000F9
S315010010F000000000000000000000000000000000E9
S3150100110000000000000000000000000000000000D8
S3150100111000000000000000000000000000000000C8
S3150100112000000000000000000000000000000000B8
S3150100113000000000000000000000000000000000A8
S315010011400000000000000000000000000000000098
S315010011500000000000000000000000000000000088
S315010011600000000000000000000000000000000078
S315010011700000000000000000000000000000000068
S315010011800000000000000000000000000000000058
S315010011900000000000000000000000000000000048
S315010011A00000000000000000000000000000000038
S315010011B00000000000000000000000000000000028
S315010011C00000000000000000000000000000000018
S315010011D00000000000000000000000000000000008
S315010011E000000000000000000000000000000000F8
S315010011F000000000000000000000000000000000E8
S3150100120000000000000000000000000000000000D7
S3150100121000000000000000000000000000000000C7
S3150100122000000000000000000000000000000000B7
S3150100123000000000000000000000000000000000A7
S315010012400000000000000000000000000000000097
S315010012500000000000000000000000000000000087
S315010012600000000000000000000000000000000077
S315010012700000000000000000000000000000000067
S315010012800000000000000000000000000000000057
S315010012900000000000000000000000000000000047
S315010012A00000000000000000000000000000000037
S315010012B00000000000000000000000000000000027
S315010012C00000000000000000000000000000000017
S315010012D00000000000000000000000000000000007
S315010012E000000000000000000000000000000000F7
S315010012F000000000000000000000000000000000E7
S3150100130000000000000000000000000000000000D6
S3150100131000000000000000000000000000000000C6
S3150100132000000000000000000000000000000000B6
S3150100133000000000000000000000000000000000A6
S315010013400000000000000000000000000000000096
S315010013500000000000000000000000000000000086
S315010013600000000000000000000000000000000076
S315010013700000000000000000000000000000000066
S315010013800000000000000000000000000000000056
S315010013900000000000000000000000000000000046
S315010013A00000000000000000000000000000000036
S315010013B00000000000000000000000000000000026
S315010013C00000000000000000000000000000000016
S315010013D00000000000000000000000000000000006
S315010013E000000000000000000000000000000000F6
S315010013F000000000000000000000000000000000E6
S3150100140000000000000000000000000000000000D5
S3150100141000000000000000000000000000000000C5
S3150100142000000000000000000000000000000000B5
S3150100143000000000000000000000000000000000A5
S315010014400000000000000000000000000000000095
S315010014500000000000000000000000000000000085
S315010014600000000000000000000000000000000075
S315010014700000000000000000000000000000000065
S315010014800000000000000000000000000000000055
S315010014900000000000000000000000000000000045
S315010014A00000000000000000000000000000000035
S315010014B00000000000000000000000000000000025
S315010014C00000000000000000000000000000000015
S315010014D00000000000000000000000000000000005
S315010014E000000000000000000000000000000000F5
S315010014F000000000000000000000000000000000E5
S3150100150000000000000000000000000000000000D4
S3150100151000000000000000000000000000000000C4
S3150100152000000000000000000000000000000000B4
S3150100153000000000000000000000000000000000A4
S315010015400000000000000000000000000000000094
S315010015500000000000000000000000000000000084
S315010015600000000000000000000000000000000074
S315010015700000000000000000000000000000000064
S315010015800000000000000000000000000000000054
S315010015900000000000000000000000000000000044
S315010015A00000000000000000000000000000000034
S315010015B00000000000000000000000000000000024
S315010015C00000000000000000000000000000000014
S315010015D00000000000000000000000000000000004
S315010015E000000000000000000000000000000000F4
S315010015F000000000000000000000000000000000E4
S3150100160000000000000000000000000000000000D3
S3150100161000000000000000000000000000000000C3
S3150100162000000000000000000000000000000000B3
S3150100163000000000000000000000000000000000A3
S315010016400000000000000000000000000000000093
S315010016500000000000000000000000000000000083
S315010016600000000000000000000000000000000073
S315010016700000000000000000000000000000000063
S315010016800000000000000000000000000000000053
S315010016900000000000000000000000000000000043
S315010016A00000000000000000000000000000000033
S315010016B00000000000000000000000000000000023
S315010016C00000000000000000000000000000000013
S315010016D00000000000000000000000000000000003
S315010016E000000000000000000000000000000000F3
S315010016F000000000000000000000000000000000E3
S3150100170000000000000000000000000000000000D2
S3150100171000000000000000000000000000000000C2
S3150100172000000000000000000000000000000000B2
S3150100173000000000000000000000000000000000A2
S315010017400000000000000000000000000000000092
S315010017500000000000000000000000000000000082
S315010017600000000000000000000000000000000072
S315010017700000000000000000000000000000000062
S315010017800000000000000000000000000000000052
S315010017900000000000000000000000000000000042
S315010017A00000000000000000000000000000000032
S315010017B00000000000000000000000000000000022
S315010017C00000000000000000000000000000000012
S315010017D00000000000000000000000000000000002
S315010017E000000000000000000000000000000000F2
S315010017F000000000000000000000000000000000E2
S3150100180000000000000000000000000000000000D1
S3150100181000000000000000000000000000000000C1
S3150100182000000000000000000000000000000000B1
S3150100183000000000000000000000000000000000A1
S315010018400000000000000000000000000000000091
S315010018500000000000000000000000000000000081
S315010018600000000000000000000000000000000071
S315010018700000000000000000000000000000000061
S315010018800000000000000000000000000000000051
S315010018900000000000000000000000000000000041
S315010018A00000000000000000000000000000000031
S315010018B00000000000000000000000000000000021
S315010018C00000000000000000000000000000000011
S315010018D00000000000000000000000000000000001
S315010018E000000000000000000000000000000000F1
S315010018F000000000000000000000000000000000E1
S3150100190000000000000000000000000000000000D0
S3150100191000000000000000000000000000000000C0
S3150100192000000000000000000000000000000000B0
S3150100193000000000000000000000000000000000A0
S315010019400000000000000000000000000000000090
S315010019500000000000000000000000000000000080
S315010019600000000000000000000000000000000070
S315010019700000000000000000000000000000000060
S315010019800000000000000000000000000000000050
S315010019900000000000000000000000000000000040
S315010019A00000000000000000000000000000000030
S315010019B00000000000000000000000000000000020
S315010019C00000000000000000000000000000000010
S315010019D00000000000000000000000000000000000
S315010019E000000000000000000000000000000000F0
S315010019F000000000000000000000000000000000E0
S31501001A0000000000000000000000000000000000CF
S31501001A1000000000000000000000000000000000BF
S31501001A2000000000000000000000000000000000AF
S31501001A30000000000000000000000000000000009F
S31501001A40000000000000000000000000000000008F
S31501001A50000000000000000000000000000000007F
S31501001A60000000000000000000000000000000006F
S31501001A70000000000000000000000000000000005F
S31501001A80000000000000000000000000000000004F
S31501001A90000000000000000000000000000000003F
S31501001AA0000000000000000000000000000000002F
S31501001AB0000000000000000000000000000000001F
S31501001AC0000000000000000000000000000000000F
S31501001AD000000000000000000000000000000000FF
S31501001AE000000000000000000000000000000000EF
S31501001AF000000000000000000000000000000000DF
S31501001B0000000000000000000000000000000000CE
S31501001B1000000000000000000000000000000000BE
S31501001B2000000000000000000000000000000000AE
S31501001B30000000000000000000000000000000009E
S31501001B40000000000000000000000000000000008E
S31501001B50000000000000000000000000000000007E
S31501001B60000000000000000000000000000000006E
S31501001B70000000000000000000000000000000005E
S31501001B80000000000000000000000000000000004E
S31501001B90000000000000000000000000000000003E
S31501001BA0000000000000000000000000000000002E
S31501001BB0000000000000000000000000000000001E
S31501001BC0000000000000000000000000000000000E
S31501001BD000000000000000000000000000000000FE
S31501001BE000000000000000000000000000000000EE
S31501001BF000000000000000000000000000000000DE
S31501001C0000000000000000000000000000000000CD
S31501001C1000000000000000000000000000000000BD
S31501001C2000000000000000000000000000000000AD
S31501001C30000000000000000000000000000000009D
S31501001C40000000000000000000000000000000008D
S31501001C50000000000000000000000000000000007D
S31501001C60000000000000000000000000000000006D
S31501001C70000000000000000000000000000000005D
S31501001C80000000000000000000000000000000004D
S31501001C90000000000000000000000000000000003D
S31501001CA0000000000000000000000000000000002D
S31501001CB0000000000000000000000000000000001D
S31501001CC0000000000000000000000000000000000D
S31501001CD000000000000000000000000000000000FD
S31501001CE000000000000000000000000000000000ED
S31501001CF000000000000000000000000000000000DD
S31501001D0000000000000000000000000000000000CC
S31501001D1000000000000000000000000000000000BC
S31501001D2000000000000000000000000000000000AC
S31501001D30000000000000000000000000000000009C
S31501001D40000000000000000000000000000000008C
S31501001D50000000000000000000000000000000007C
S31501001D60000000000000000000000000000000006C
S31501001D70000000000000000000000000000000005C
S31501001D80000000000000000000000000000000004C
S31501001D90000000000000000000000000000000003C
S31501001DA0000000000000000000000000000000002C
S31501001DB0000000000000000000000000000000001C
S31501001DC0000000000000000000000000000000000C
S31501001DD000000000000000000000000000000000FC
S31501001DE000000000000000000000000000000000EC
S31501001DF000000000000000000000000000000000DC
S31501001E0000000000000000000000000000000000CB
S31501001E1000000000000000000000000000000000BB
S31501001E2000000000000000000000000000000000AB
S31501001E30000000000000000000000000000000009B
S31501001E40000000000000000000000000000000008B
S31501001E50000000000000000000000000000000007B
S31501001E60000000000000000000000000000000006B
S31501001E70000000000000000000000000000000005B
S31501001E80000000000000000000000000000000004B
S31501001E90000000000000000000000000000000003B
S31501001EA0000000000000000000000000000000002B
S31501001EB0000000000000000000000000000000001B
S31501001EC0000000000000000000000000000000000B
S31501001ED000000000000000000000000000000000FB
S31501001EE000000000000000000000000000000000EB
S31501001EF000000000000000000000000000000000DB
S31501001F0000000000000000000000000000000000CA
S31501001F1000000000000000000000000000000000BA
S31501001F2000000000000000000000000000000000AA
S31501001F30000000000000000000000000000000009A
S31501001F40000000000000000000000000000000008A
S31501001F50000000000000000000000000000000007A
S31501001F60000000000000000000000000000000006A
S31501001F70000000000000000000000000000000005A
S31501001F80000000000000000000000000000000004A
S31501001F90000000000000000000000000000000003A
S31501001FA0000000000000000000000000000000002A
S31501001FB0000000000000000000000000000000001A
S31501001FC0000000000000000000000000000000000A
S31501001FD000000000000000000000000000000000FA
S31501001FE000000000000000000000000000000000EA
S31501001FF000000000000000000000000000000000DA
S3150100200000000000000000000000000000000000C9
S3150100201000000000000000000000000000000000B9
S3150100202000000000000000000000000000000000A9
S315010020300000000000000000000000000000000099
S315010020400000000000000000000000000000000089
S315010020500000000000000000000000000000000079
S315010020600000000000000000000000000000000069
S315010020700000000000000000000000000000000059
S315010020800000000000000000000000000000000049
S315010020900000000000000000000000000000000039
S315010020A00000000000000000000000000000000029
S315010020B00000000000000000000000000000000019
S315010020C00000000000000000000000000000000009
S315010020D000000000000000000000000000000000F9
S315010020E000000000000000000000000000000000E9
S315010020F000000000000000000000000000000000D9
S3150100210000000000000000000000000000000000C8
S3150100211000000000000000000000000000000000B8
S3150100212000000000000000000000000000000000A8
S315010021300000000000000000000000000000000098
S315010021400000000000000000000000000000000088
S315010021500000000000000000000000000000000078
S315010021600000000000000000000000000000000068
S315010021700000000000000000000000000000000058
S315010021800000000000000000000000000000000048
S315010021900000000000000000000000000000000038
S315010021A00000000000000000000000000000000028
S315010021B00000000000000000000000000000000018
S315010021C00000000000000000000000000000000008
S315010021D000000000000000000000000000000000F8
S315010021E000000000000000000000000000000000E8
S315010021F000000000000000000000000000000000D8
S3150100220000000000000000000000000000000000C7
S3150100221000000000000000000000000000000000B7
S3150100222000000000000000000000000000000000A7
S315010022300000000000000000000000000000000097
S315010022400000000000000000000000000000000087
S315010022500000000000000000000000000000000077
S315010022600000000000000000000000000000000067
S315010022700000000000000000000000000000000057
S315010022800000000000000000000000000000000047
S315010022900000000000000000000000000000000037
S315010022A00000000000000000000000000000000027
S315010022B00000000000000000000000000000000017
S315010022C00000000000000000000000000000000007
S315010022D000000000000000000000000000000000F7
S315010022E000000000000000000000000000000000E7
S315010022F000000000000000000000000000000000D7
S3150100230000000000000000000000000000000000C6
S3150100231000000000000000000000000000000000B6
S3150100232000000000000000000000000000000000A6
S315010023300000000000000000000000000000000096
S315010023400000000000000000000000000000000086
S315010023500000000000000000000000000000000076
S315010023600000000000000000000000000000000066
S315010023700000000000000000000000000000000056
S315010023800000000000000000000000000000000046
S315010023900000000000000000000000000000000036
S315010023A00000000000000000000000000000000026
S315010023B00000000000000000000000000000000016
S315010023C00000000000000000000000000000000006
S315010023D000000000000000000000000000000000F6
S315010023E000000000000000000000000000000000E6
S315010023F000000000000000000000000000000000D6
S3150100240000000000000000000000000000000000C5
S3150100241000000000000000000000000000000000B5
S3150100242000000000000000000000000000000000A5
S315010024300000000000000000000000000000000095
S315010024400000000000000000000000000000000085
S315010024500000000000000000000000000000000075
S315010024600000000000000000000000000000000065
S315010024700000000000000000000000000000000055
S315010024800000000000000000000000000000000045
S315010024900000000000000000000000000000000035
S315010024A00000000000000000000000000000000025
S315010024B00000000000000000000000000000000015
S315010024C00000000000000000000000000000000005
S315010024D000000000000000000000000000000000F5
S315010024E000000000000000000000000000000000E5
S315010024F000000000000000000000000000000000D5
S3150100250000000000000000000000000000000000C4
S3150100251000000000000000000000000000000000B4
S3150100252000000000000000000000000000000000A4
S315010025300000000000000000000000000000000094
S315010025400000000000000000000000000000000084
S315010025500000000000000000000000000000000074
S315010025600000000000000000000000000000000064
S315010025700000000000000000000000000000000054
S315010025800000000000000000000000000000000044
S315010025900000000000000000000000000000000034
S315010025A00000000000000000000000000000000024
S315010025B00000000000000000000000000000000014
S315010025C00000000000000000000000000000000004
S315010025D000000000000000000000000000000000F4
S315010025E000000000000000000000000000000000E4
S315010025F000000000000000000000000000000000D4
S3150100260000000000000000000000000000000000C3
S3150100261000000000000000000000000000000000B3
S3150100262000000000000000000000000000000000A3
S315010026300000000000000000000000000000000093
S315010026400000000000000000000000000000000083
S315010026500000000000000000000000000000000073
S315010026600000000000000000000000000000000063
S315010026700000000000000000000000000000000053
S315010026800000000000000000000000000000000043
S315010026900000000000000000000000000000000033
S315010026A00000000000000000000000000000000023
S315010026B00000000000000000000000000000000013
S315010026C00000000000000000000000000000000003
S315010026D000000000000000000000000000000000F3
S315010026E000000000000000000000000000000000E3
S315010026F000000000000000000000000000000000D3
S3150100270000000000000000000000000000000000C2
S3150100271000000000000000000000000000000000B2
S3150100272000000000000000000000000000000000A2
S315010027300000000000000000000000000000000092
S315010027400000000000000000000000000000000082
S315010027500000000000000000000000000000000072
S315010027600000000000000000000000000000000062
S315010027700000000000000000000000000000000052
S315010027800000000000000000000000000000000042
S315010027900000000000000000000000000000000032
S315010027A00000000000000000000000000000000022
S315010027B00000000000000000000000000000000012
S315010027C00000000000000000000000000000000002
S315010027D000000000000000000000000000000000F2
S315010027E000000000000000000000000000000000E2
S315010027F000000000000000000000000000000000D2
S3150100280000000000000000000000000000000000C1
S3150100281000000000000000000000000000000000B1
S3150100282000000000000000000000000000000000A1
S315010028300000000000000000000000000000000091
S315010028400000000000000000000000000000000081
S315010028500000000000000000000000000000000071
S315010028600000000000000000000000000000000061
S315010028700000000000000000000000000000000051
S315010028800000000000000000000000000000000041
S315010028900000000000000000000000000000000031
S315010028A00000000000000000000000000000000021
S315010028B00000000000000000000000000000000011
S315010028C00000000000000000000000000000000001
S315010028D000000000000000000000000000000000F1
S315010028E000000000000000000000000000000000E1
S315010028F000000000000000000000000000000000D1
S3150100290000000000000000000000000000000000C0
S3150100291000000000000000000000000000000000B0
S3150100292000000000000000000000000000000000A0
S315010029300000000000000000000000000000000090
S315010029400000000000000000000000000000000080
S315010029500000000000000000000000000000000070
S315010029600000000000000000000000000000000060
S315010029700000000000000000000000000000000050
S315010029800000000000000000000000000000000040
S315010029900000000000000000000000000000000030
S315010029A00000000000000000000000000000000020
S315010029B00000000000000000000000000000000010
S315010029C00000000000000000000000000000000000
S315010029D000000000000000000000000000000000F0
S315010029E000000000000000000000000000000000E0
S315010029F000000000000000000000000000000000D0
S31501002A0000000000000000000000000000000000BF
S31501002A1000000000000000000000000000000000AF
S31501002A20000000000000000000000000000000009F
S31501002A30000000000000000000000000000000008F
S31501002A40000000000000000000000000000000007F
S31501002A50000000000000000000000000000000006F
S31501002A60000000000000000000000000000000005F
S31501002A70000000000000000000000000000000004F
S31501002A80000000000000000000000000000000003F
S31501002A90000000000000000000000000000000002F
S31501002AA0000000000000000000000000000000001F
S31501002AB0000000000000000000000000000000000F
S31501002AC000000000000000000000000000000000FF
S31501002AD000000000000000000000000000000000EF
S31501002AE000000000000000000000000000000000DF
S31501002AF000000000000000000000000000000000CF
S31501002B0000000000000000000000000000000000BE
S31501002B1000000000000000000000000000000000AE
S31501002B20000000000000000000000000000000009E
S31501002B30000000000000000000000000000000008E
S31501002B40000000000000000000000000000000007E
S31501002B50000000000000000000000000000000006E
S31501002B60000000000000000000000000000000005E
S31501002B70000000000000000000000000000000004E
S31501002B80000000000000000000000000000000003E
S31501002B90000000000000000000000000000000002E
S31501002BA0000000000000000000000000000000001E
S31501002BB0000000000000000000000000000000000E
S31501002BC000000000000000000000000000000000FE
S31501002BD000000000000000000000000000000000EE
S31501002BE000000000000000000000000000000000DE
S31501002BF000000000000000000000000000000000CE
S31501002C0000000000000000000000000000000000BD
S31501002C1000000000000000000000000000000000AD
S31501002C20000000000000000000000000000000009D
S31501002C30000000000000000000000000000000008D
S31501002C40000000000000000000000000000000007D
S31501002C50000000000000000000000000000000006D
S31501002C60000000000000000000000000000000005D
S31501002C70000000000000000000000000000000004D
S31501002C80000000000000000000000000000000003D
S31501002C90000000000000000000000000000000002D
S31501002CA0000000000000000000000000000000001D
S31501002CB0000000000000000000000000000000000D
S31501002CC000000000000000000000000000000000FD
S31501002CD000000000000000000000000000000000ED
S31501002CE000000000000000000000000000000000DD
S31501002CF000000000000000000000000000000000CD
S31501002D0000000000000000000000000000000000BC
S31501002D1000000000000000000000000000000000AC
S31501002D20000000000000000000000000000000009C
S31501002D30000000000000000000000000000000008C
S31501002D40000000000000000000000000000000007C
S31501002D50000000000000000000000000000000006C
S31501002D60000000000000000000000000000000005C
S31501002D70000000000000000000000000000000004C
S31501002D80000000000000000000000000000000003C
S31501002D90000000000000000000000000000000002C
S31501002DA0000000000000000000000000000000001C
S31501002DB0000000000000000000000000000000000C
S31501002DC000000000000000000000000000000000FC
S31501002DD000000000000000000000000000000000EC
S31501002DE000000000000000000000000000000000DC
S31501002DF000000000000000000000000000000000CC
S31501002E0000000000000000000000000000000000BB
S31501002E1000000000000000000000000000000000AB
S31501002E20000000000000000000000000000000009B
S31501002E30000000000000000000000000000000008B
S31501002E40000000000000000000000000000000007B
S31501002E50000000000000000000000000000000006B
S31501002E60000000000000000000000000000000005B
S31501002E70000000000000000000000000000000004B
S31501002E80000000000000000000000000000000003B
S31501002E90000000000000000000000000000000002B
S31501002EA0000000000000000000000000000000001B
S31501002EB0000000000000000000000000000000000B
S31501002EC000000000000000000000000000000000FB
S31501002ED000000000000000000000000000000000EB
S31501002EE000000000000000000000000000000000DB
S31501002EF000000000000000000000000000000000CB
S31501002F0000000000000000000000000000000000BA
S31501002F1000000000000000000000000000000000AA
S31501002F20000000000000000000000000000000009A
S31501002F30000000000000000000000000000000008A
S31501002F40000000000000000000000000000000007A
S31501002F50000000000000000000000000000000006A
S31501002F60000000000000000000000000000000005A
S31501002F70000000000000000000000000000000004A
S31501002F80000000000000000000000000000000003A
S31501002F90000000000000000000000000000000002A
S31501002FA0000000000000000000000000000000001A
S31501002FB0000000000000000000000000000000000A
S31501002FC000000000000000000000000000000000FA
S31501002FD000000000000000000000000000000000EA
S31501002FE000000000000000000000000000000000DA
S31501002FF000000000000000000000000000000000CA
S3150100300000000000000000000000000000000000B9
S3150100301000000000000000000000000000000000A9
S315010030200000000000000000000000000000000099
S315010030300000000000000000000000000000000089
S315010030400000000000000000000000000000000079
S315010030500000000000000000000000000000000069
S315010030600000000000000000000000000000000059
S315010030700000000000000000000000000000000049
S315010030800000000000000000000000000000000039
S315010030900000000000000000000000000000000029
S315010030A00000000000000000000000000000000019
S315010030B00000000000000000000000000000000009
S315010030C000000000000000000000000000000000F9
S315010030D000000000000000000000000000000000E9
S315010030E000000000000000000000000000000000D9
S315010030F000000000000000000000000000000000C9
S3150100310000000000000000000000000000000000B8
S3150100311000000000000000000000000000000000A8
S315010031200000000000000000000000000000000098
S315010031300000000000000000000000000000000088
S315010031400000000000000000000000000000000078
S315010031500000000000000000000000000000000068
S315010031600000000000000000000000000000000058
S315010031700000000000000000000000000000000048
S315010031800000000000000000000000000000000038
S315010031900000000000000000000000000000000028
S315010031A00000000000000000000000000000000018
S315010031B00000000000000000000000000000000008
S315010031C000000000000000000000000000000000F8
S315010031D000000000000000000000000000000000E8
S315010031E000000000000000000000000000000000D8
S315010031F000000000000000000000000000000000C8
S3150100320000000000000000000000000000000000B7
S3150100321000000000000000000000000000000000A7
S315010032200000000000000000000000000000000097
S315010032300000000000000000000000000000000087
S315010032400000000000000000000000000000000077
S315010032500000000000000000000000000000000067
S315010032600000000000000000000000000000000057
S315010032700000000000000000000000000000000047
S315010032800000000000000000000000000000000037
S315010032900000000000000000000000000000000027
S315010032A00000000000000000000000000000000017
S315010032B00000000000000000000000000000000007
S315010032C000000000000000000000000000000000F7
S315010032D000000000000000000000000000000000E7
S315010032E000000000000000000000000000000000D7
S315010032F000000000000000000000000000000000C7
S3150100330000000000000000000000000000000000B6
S3150100331000000000000000000000000000000000A6
S315010033200000000000000000000000000000000096
S315010033300000000000000000000000000000000086
S315010033400000000000000000000000000000000076
S315010033500000000000000000000000000000000066
S315010033600000000000000000000000000000000056
S315010033700000000000000000000000000000000046
S315010033800000000000000000000000000000000036
S315010033900000000000000000000000000000000026
S315010033A00000000000000000000000000000000016
S315010033B00000000000000000000000000000000006
S315010033C000000000000000000000000000000000F6
S315010033D000000000000000000000000000000000E6
S315010033E000000000000000000000000000000000D6
S315010033F000000000000000000000000000000000C6
S3150100340000000000000000000000000000000000B5
S3150100341000000000000000000000000000000000A5
S315010034200000000000000000000000000000000095
S315010034300000000000000000000000000000000085
S315010034400000000000000000000000000000000075
S315010034500000000000000000000000000000000065
S315010034600000000000000000000000000000000055
S315010034700000000000000000000000000000000045
S315010034800000000000000000000000000000000035
S315010034900000000000000000000000000000000025
S315010034A00000000000000000000000000000000015
S315010034B00000000000000000000000000000000005
S315010034C000000000000000000000000000000000F5
S315010034D000000000000000000000000000000000E5
S315010034E000000000000000000000000000000000D5
S315010034F000000000000000000000000000000000C5
S3150100350000000000000000000000000000000000B4
S3150100351000000000000000000000000000000000A4
S315010035200000000000000000000000000000000094
S315010035300000000000000000000000000000000084
S315010035400000000000000000000000000000000074
S315010035500000000000000000000000000000000064
S315010035600000000000000000000000000000000054
S315010035700000000000000000000000000000000044
S315010035800000000000000000000000000000000034
S315010035900000000000000000000000000000000024
S315010035A00000000000000000000000000000000014
S315010035B00000000000000000000000000000000004
S315010035C000000000000000000000000000000000F4
S315010035D000000000000000000000000000000000E4
S315010035E000000000000000000000000000000000D4
S315010035F000000000000000000000000000000000C4
S3150100360000000000000000000000000000000000B3
S3150100361000000000000000000000000000000000A3
S315010036200000000000000000000000000000000093
S315010036300000000000000000000000000000000083
S315010036400000000000000000000000000000000073
S315010036500000000000000000000000000000000063
S315010036600000000000000000000000000000000053
S315010036700000000000000000000000000000000043
S315010036800000000000000000000000000000000033
S315010036900000000000000000000000000000000023
S315010036A00000000000000000000000000000000013
S315010036B00000000000000000000000000000000003
S315010036C000000000000000000000000000000000F3
S315010036D000000000000000000000000000000000E3
S315010036E000000000000000000000000000000000D3
S315010036F000000000000000000000000000000000C3
S3150100370000000000000000000000000000000000B2
S3150100371000000000000000000000000000000000A2
S315010037200000000000000000000000000000000092
S315010037300000000000000000000000000000000082
S315010037400000000000000000000000000000000072
S315010037500000000000000000000000000000000062
S315010037600000000000000000000000000000000052
S315010037700000000000000000000000000000000042
S315010037800000000000000000000000000000000032
S315010037900000000000000000000000000000000022
S315010037A00000000000000000000000000000000012
S315010037B00000000000000000000000000000000002
S315010037C000000000000000000000000000000000F2
S315010037D000000000000000000000000000000000E2
S315010037E000000000000000000000000000000000D2
S315010037F000000000000000000000000000000000C2
S3150100380000000000000000000000000000000000B1
S3150100381000000000000000000000000000000000A1
S315010038200000000000000000000000000000000091
S315010038300000000000000000000000000000000081
S315010038400000000000000000000000000000000071
S315010038500000000000000000000000000000000061
S315010038600000000000000000000000000000000051
S315010038700000000000000000000000000000000041
S315010038800000000000000000000000000000000031
S315010038900000000000000000000000000000000021
S315010038A00000000000000000000000000000000011
S315010038B00000000000000000000000000000000001
S315010038C000000000000000000000000000000000F1
S315010038D000000000000000000000000000000000E1
S315010038E000000000000000000000000000000000D1
S315010038F000000000000000000000000000000000C1
S3150100390000000000000000000000000000000000B0
S3150100391000000000000000000000000000000000A0
S315010039200000000000000000000000000000000090
S315010039300000000000000000000000000000000080
S315010039400000000000000000000000000000000070
S315010039500000000000000000000000000000000060
S315010039600000000000000000000000000000000050
S315010039700000000000000000000000000000000040
S315010039800000000000000000000000000000000030
S315010039900000000000000000000000000000000020
S315010039A00000000000000000000000000000000010
S315010039B00000000000000000000000000000000000
S315010039C000000000000000000000000000000000F0
S315010039D000000000000000000000000000000000E0
S315010039E000000000000000000000000000000000D0
S315010039F000000000000000000000000000000000C0
S31501003A0000000000000000000000000000000000AF
S31501003A10000000000000000000000000000000009F
S31501003A20000000000000000000000000000000008F
S31501003A30000000000000000000000000000000007F
S31501003A40000000000000000000000000000000006F
S31501003A50000000000000000000000000000000005F
S31501003A60000000000000000000000000000000004F
S31501003A70000000000000000000000000000000003F
S31501003A80000000000000000000000000000000002F
S31501003A90000000000000000000000000000000001F
S31501003AA0000000000000000000000000000000000F
S31501003AB000000000000000000000000000000000FF
S31501003AC000000000000000000000000000000000EF
S31501003AD000000000000000000000000000000000DF
S31501003AE000000000000000000000000000000000CF
S31501003AF000000000000000000000000000000000BF
S31501003B0000000000000000000000000000000000AE
S31501003B10000000000000000000000000000000009E
S31501003B20000000000000000000000000000000008E
S31501003B30000000000000000000000000000000007E
S31501003B40000000000000000000000000000000006E
S31501003B50000000000000000000000000000000005E
S31501003B60000000000000000000000000000000004E
S31501003B70000000000000000000000000000000003E
S31501003B80000000000000000000000000000000002E
S31501003B90000000000000000000000000000000001E
S31501003BA0000000000000000000000000000000000E
S31501003BB000000000000000000000000000000000FE
S31501003BC000000000000000000000000000000000EE
S31501003BD000000000000000000000000000000000DE
S31501003BE000000000000000000000000000000000CE
S31501003BF000000000000000000000000000000000BE
S31501003C0000000000000000000000000000000000AD
S31501003C10000000000000000000000000000000009D
S31501003C20000000000000000000000000000000008D
S31501003C30000000000000000000000000000000007D
S31501003C40000000000000000000000000000000006D
S31501003C50000000000000000000000000000000005D
S31501003C60000000000000000000000000000000004D
S31501003C70000000000000000000000000000000003D
S31501003C80000000000000000000000000000000002D
S31501003C90000000000000000000000000000000001D
S31501003CA0000000000000000000000000000000000D
S31501003CB000000000000000000000000000000000FD
S31501003CC000000000000000000000000000000000ED
S31501003CD000000000000000000000000000000000DD
S31501003CE000000000000000000000000000000000CD
S31501003CF000000000000000000000000000000000BD
S31501003D0000000000000000000000000000000000AC
S31501003D10000000000000000000000000000000009C
S31501003D20000000000000000000000000000000008C
S31501003D30000000000000000000000000000000007C
S31501003D40000000000000000000000000000000006C
S31501003D50000000000000000000000000000000005C
S31501003D60000000000000000000000000000000004C
S31501003D70000000000000000000000000000000003C
S31501003D80000000000000000000000000000000002C
S31501003D90000000000000000000000000000000001C
S31501003DA0000000000000000000000000000000000C
S31501003DB000000000000000000000000000000000FC
S31501003DC000000000000000000000000000000000EC
S31501003DD000000000000000000000000000000000DC
S31501003DE000000000000000000000000000000000CC
S31501003DF000000000000000000000000000000000BC
S31501003E0000000000000000000000000000000000AB
S31501003E10000000000000000000000000000000009B
S31501003E20000000000000000000000000000000008B
S31501003E30000000000000000000000000000000007B
S31501003E40000000000000000000000000000000006B
S31501003E50000000000000000000000000000000005B
S31501003E60000000000000000000000000000000004B
S31501003E70000000000000000000000000000000003B
S31501003E80000000000000000000000000000000002B
S31501003E90000000000000000000000000000000001B
S31501003EA0000000000000000000000000000000000B
S31501003EB000000000000000000000000000000000FB
S31501003EC000000000000000000000000000000000EB
S31501003ED000000000000000000000000000000000DB
S31501003EE000000000000000000000000000000000CB
S31501003EF000000000000000000000000000000000BB
S31501003F0000000000000000000000000000000000AA
S31501003F10000000000000000000000000000000009A
S31501003F20000000000000000000000000000000008A
S31501003F30000000000000000000000000000000007A
S31501003F40000000000000000000000000000000006A
S31501003F50000000000000000000000000000000005A
S31501003F60000000000000000000000000000000004A
S31501003F70000000000000000000000000000000003A
S31501003F80000000000000000000000000000000002A
S31501003F90000000000000000000000000000000001A
S31501003FA0000000000000000000000000000000000A
S31501003FB000000000000000000000000000000000FA
S31501003FC000000000000000000000000000000000EA
S31501003FD000000000000000000000000000000000DA
S31501003FE000000000000000000000000000000000CA
S31501003FF000000000000000000000000000000000BA
S3150100400000000000000000000000000000000000A9
S315010040100000000000000000000000000000000099
S315010040200000000000000000000000000000000089
S315010040300000000000000000000000000000000079
S315010040400000000000000000000000000000000069
S315010040500000000000000000000000000000000059
S315010040600000000000000000000000000000000049
S315010040700000000000000000000000000000000039
S315010040800000000000000000000000000000000029
S315010040900000000000000000000000000000000019
S315010040A00000000000000000000000000000000009
S315010040B000000000000000000000000000000000F9
S315010040C000000000000000000000000000000000E9
S315010040D000000000000000000000000000000000D9
S315010040E000000000000000000000000000000000C9
S315010040F000000000000000000000000000000000B9
S3150100410000000000000000000000000000000000A8
S315010041100000000000000000000000000000000098
S315010041200000000000000000000000000000000088
S315010041300000000000000000000000000000000078
S315010041400000000000000000000000000000000068
S315010041500000000000000000000000000000000058
S315010041600000000000000000000000000000000048
S315010041700000000000000000000000000000000038
S315010041800000000000000000000000000000000028
S315010041900000000000000000000000000000000018
S315010041A00000000000000000000000000000000008
S315010041B000000000000000000000000000000000F8
S315010041C000000000000000000000000000000000E8
S315010041D000000000000000000000000000000000D8
S315010041E000000000000000000000000000000000C8
S315010041F000000000000000000000000000000000B8
S3150100420000000000000000000000000000000000A7
S315010042100000000000000000000000000000000097
S315010042200000000000000000000000000000000087
S315010042300000000000000000000000000000000077
S315010042400000000000000000000000000000000067
S315010042500000000000000000000000000000000057
S315010042600000000000000000000000000000000047
S315010042700000000000000000000000000000000037
S315010042800000000000000000000000000000000027
S315010042900000000000000000000000000000000017
S315010042A00000000000000000000000000000000007
S315010042B000000000000000000000000000000000F7
S315010042C000000000000000000000000000000000E7
S315010042D000000000000000000000000000000000D7
S315010042E000000000000000000000000000000000C7
S315010042F000000000000000000000000000000000B7
S3150100430000000000000000000000000000000000A6
S315010043100000000000000000000000000000000096
S315010043200000000000000000000000000000000086
S315010043300000000000000000000000000000000076
S315010043400000000000000000000000000000000066
S315010043500000000000000000000000000000000056
S315010043600000000000000000000000000000000046
S315010043700000000000000000000000000000000036
S315010043800000000000000000000000000000000026
S315010043900000000000000000000000000000000016
S315010043A00000000000000000000000000000000006
S315010043B000000000000000000000000000000000F6
S315010043C000000000000000000000000000000000E6
S315010043D000000000000000000000000000000000D6
S315010043E000000000000000000000000000000000C6
S315010043F000000000000000000000000000000000B6
S3150100440000000000000000000000000000000000A5
S315010044100000000000000000000000000000000095
S315010044200000000000000000000000000000000085
S315010044300000000000000000000000000000000075
S315010044400000000000000000000000000000000065
S315010044500000000000000000000000000000000055
S315010044600000000000000000000000000000000045
S315010044700000000000000000000000000000000035
S315010044800000000000000000000000000000000025
S315010044900000000000000000000000000000000015
S315010044A00000000000000000000000000000000005
S315010044B000000000000000000000000000000000F5
S315010044C000000000000000000000000000000000E5
S315010044D000000000000000000000000000000000D5
S315010044E000000000000000000000000000000000C5
S315010044F000000000000000000000000000000000B5
S3150100450000000000000000000000000000000000A4
S315010045100000000000000000000000000000000094
S315010045200000000000000000000000000000000084
S315010045300000000000000000000000000000000074
S315010045400000000000000000000000000000000064
S315010045500000000000000000000000000000000054
S315010045600000000000000000000000000000000044
S315010045700000000000000000000000000000000034
S315010045800000000000000000000000000000000024
S315010045900000000000000000000000000000000014
S315010045A00000000000000000000000000000000004
S315010045B000000000000000000000000000000000F4
S315010045C000000000000000000000000000000000E4
S315010045D000000000000000000000000000000000D4
S315010045E000000000000000000000000000000000C4
S315010045F000000000000000000000000000000000B4
S3150100460000000000000000000000000000000000A3
S315010046100000000000000000000000000000000093
S315010046200000000000000000000000000000000083
S315010046300000000000000000000000000000000073
S315010046400000000000000000000000000000000063
S315010046500000000000000000000000000000000053
S315010046600000000000000000000000000000000043
S315010046700000000000000000000000000000000033
S315010046800000000000000000000000000000000023
S315010046900000000000000000000000000000000013
S315010046A00000000000000000000000000000000003
S315010046B000000000000000000000000000000000F3
S315010046C000000000000000000000000000000000E3
S315010046D000000000000000000000000000000000D3
S315010046E000000000000000000000000000000000C3
S315010046F000000000000000000000000000000000B3
S3150100470000000000000000000000000000000000A2
S315010047100000000000000000000000000000000092
S315010047200000000000000000000000000000000082
S315010047300000000000000000000000000000000072
S315010047400000000000000000000000000000000062
S315010047500000000000000000000000000000000052
S315010047600000000000000000000000000000000042
S315010047700000000000000000000000000000000032
S315010047800000000000000000000000000000000022
S315010047900000000000000000000000000000000012
S315010047A00000000000000000000000000000000002
S315010047B000000000000000000000000000000000F2
S315010047C000000000000000000000000000000000E2
S315010047D000000000000000000000000000000000D2
S315010047E000000000000000000000000000000000C2
S315010047F000000000000000000000000000000000B2
S3150100480000000000000000000000000000000000A1
S315010048100000000000000000000000000000000091
S315010048200000000000000000000000000000000081
S315010048300000000000000000000000000000000071
S315010048400000000000000000000000000000000061
S315010048500000000000000000000000000000000051
S315010048600000000000000000000000000000000041
S315010048700000000000000000000000000000000031
S315010048800000000000000000000000000000000021
S315010048900000000000000000000000000000000011
S315010048A00000000000000000000000000000000001
S315010048B000000000000000000000000000000000F1
S315010048C000000000000000000000000000000000E1
S315010048D000000000000000000000000000000000D1
S315010048E000000000000000000000000000000000C1
S315010048F000000000000000000000000000000000B1
S3150100490000000000000000000000000000000000A0
S315010049100000000000000000000000000000000090
S315010049200000000000000000000000000000000080
S315010049300000000000000000000000000000000070
S315010049400000000000000000000000000000000060
S315010049500000000000000000000000000000000050
S315010049600000000000000000000000000000000040
S315010049700000000000000000000000000000000030
S315010049800000000000000000000000000000000020
S315010049900000000000000000000000000000000010
S315010049A00000000000000000000000000000000000
S315010049B000000000000000000000000000000000F0
S315010049C000000000000000000000000000000000E0
S315010049D000000000000000000000000000000000D0
S315010049E000000000000000000000000000000000C0
S315010049F000000000000000000000000000000000B0
S31501004A00000000000000000000000000000000009F
S31501004A10000000000000000000000000000000008F
S31501004A20000000000000000000000000000000007F
S31501004A30000000000000000000000000000000006F
S31501004A40000000000000000000000000000000005F
S31501004A50000000000000000000000000000000004F
S31501004A60000000000000000000000000000000003F
S31501004A70000000000000000000000000000000002F
S31501004A80000000000000000000000000000000001F
S31501004A90000000000000000000000000000000000F
S31501004AA000000000000000000000000000000000FF
S31501004AB000000000000000000000000000000000EF
S31501004AC000000000000000000000000000000000DF
S31501004AD000000000000000000000000000000000CF
S31501004AE000000000000000000000000000000000BF
S31501004AF000000000000000000000000000000000AF
S31501004B00000000000000000000000000000000009E
S31501004B10000000000000000000000000000000008E
S31501004B20000000000000000000000000000000007E
S31501004B30000000000000000000000000000000006E
S31501004B40000000000000000000000000000000005E
S31501004B50000000000000000000000000000000004E
S31501004B60000000000000000000000000000000003E
S31501004B70000000000000000000000000000000002E
S31501004B80000000000000000000000000000000001E
S31501004B90000000000000000000000000000000000E
S31501004BA000000000000000000000000000000000FE
S31501004BB000000000000000000000000000000000EE
S31501004BC000000000000000000000000000000000DE
S31501004BD000000000000000000000000000000000CE
S31501004BE000000000000000000000000000000000BE
S31501004BF000000000000000000000000000000000AE
S31501004C00000000000000000000000000000000009D
S31501004C10000000000000000000000000000000008D
S31501004C20000000000000000000000000000000007D
S31501004C30000000000000000000000000000000006D
S31501004C40000000000000000000000000000000005D
S31501004C50000000000000000000000000000000004D
S31501004C60000000000000000000000000000000003D
S31501004C70000000000000000000000000000000002D
S31501004C80000000000000000000000000000000001D
S31501004C90000000000000000000000000000000000D
S31501004CA000000000000000000000000000000000FD
S31501004CB000000000000000000000000000000000ED
S31501004CC000000000000000000000000000000000DD
S31501004CD000000000000000000000000000000000CD
S31501004CE000000000000000000000000000000000BD
S31501004CF000000000000000000000000000000000AD
S31501004D00000000000000000000000000000000009C
S31501004D10000000000000000000000000000000008C
S31501004D20000000000000000000000000000000007C
S31501004D30000000000000000000000000000000006C
S31501004D40000000000000000000000000000000005C
S31501004D50000000000000000000000000000000004C
S31501004D60000000000000000000000000000000003C
S31501004D70000000000000000000000000000000002C
S31501004D80000000000000000000000000000000001C
S31501004D90000000000000000000000000000000000C
S31501004DA000000000000000000000000000000000FC
S31501004DB000000000000000000000000000000000EC
S31501004DC000000000000000000000000000000000DC
S31501004DD000000000000000000000000000000000CC
S31501004DE000000000000000000000000000000000BC
S31501004DF000000000000000000000000000000000AC
S31501004E00000000000000000000000000000000009B
S31501004E10000000000000000000000000000000008B
S31501004E20000000000000000000000000000000007B
S31501004E30000000000000000000000000000000006B
S31501004E40000000000000000000000000000000005B
S31501004E50000000000000000000000000000000004B
S31501004E60000000000000000000000000000000003B
S31501004E70000000000000000000000000000000002B
S31501004E80000000000000000000000000000000001B
S31501004E90000000000000000000000000000000000B
S31501004EA000000000000000000000000000000000FB
S31501004EB000000000000000000000000000000000EB
S31501004EC000000000000000000000000000000000DB
S31501004ED000000000000000000000000000000000CB
S31501004EE000000000000000000000000000000000BB
S31501004EF000000000000000000000000000000000AB
S31501004F00000000000000000000000000000000009A
S31501004F10000000000000000000000000000000008A
S31501004F20000000000000000000000000000000007A
S31501004F30000000000000000000000000000000006A
S31501004F40000000000000000000000000000000005A
S31501004F50000000000000000000000000000000004A
S31501004F60000000000000000000000000000000003A
S31501004F70000000000000000000000000000000002A
S31501004F80000000000000000000000000000000001A
S31501004F90000000000000000000000000000000000A
S31501004FA000000000000000000000000000000000FA
S31501004FB000000000000000000000000000000000EA
S31501004FC000000000000000000000000000000000DA
S31501004FD000000000000000000000000000000000CA
S31501004FE000000000000000000000000000000000BA
S31501004FF000000000000000000000000000000000AA
S315010050000000000000000000000000000000000099
S315010050100000000000000000000000000000000089
S315010050200000000000000000000000000000000079
S315010050300000000000000000000000000000000069
S315010050400000000000000000000000000000000059
S315010050500000000000000000000000000000000049
S315010050600000000000000000000000000000000039
S315010050700000000000000000000000000000000029
S315010050800000000000000000000000000000000019
S315010050900000000000000000000000000000000009
S315010050A000000000000000000000000000000000F9
S315010050B000000000000000000000000000000000E9
S315010050C000000000000000000000000000000000D9
S315010050D000000000000000000000000000000000C9
S315010050E000000000000000000000000000000000B9
S315010050F000000000000000000000000000000000A9
S315010051000000000000000000000000000000000098
S315010051100000000000000000000000000000000088
S315010051200000000000000000000000000000000078
S315010051300000000000000000000000000000000068
S315010051400000000000000000000000000000000058
S315010051500000000000000000000000000000000048
S315010051600000000000000000000000000000000038
S315010051700000000000000000000000000000000028
S315010051800000000000000000000000000000000018
S315010051900000000000000000000000000000000008
S315010051A000000000000000000000000000000000F8
S315010051B000000000000000000000000000000000E8
S315010051C000000000000000000000000000000000D8
S315010051D000000000000000000000000000000000C8
S315010051E000000000000000000000000000000000B8
S315010051F000000000000000000000000000000000A8
S315010052000000000000000000000000000000000097
S315010052100000000000000000000000000000000087
S315010052200000000000000000000000000000000077
S315010052300000000000000000000000000000000067
S315010052400000000000000000000000000000000057
S315010052500000000000000000000000000000000047
S315010052600000000000000000000000000000000037
S315010052700000000000000000000000000000000027
S315010052800000000000000000000000000000000017
S315010052900000000000000000000000000000000007
S315010052A000000000000000000000000000000000F7
S315010052B000000000000000000000000000000000E7
S315010052C000000000000000000000000000000000D7
S315010052D000000000000000000000000000000000C7
S315010052E000000000000000000000000000000000B7
S315010052F000000000000000000000000000000000A7
S315010053000000000000000000000000000000000096
S315010053100000000000000000000000000000000086
S315010053200000000000000000000000000000000076
S315010053300000000000000000000000000000000066
S315010053400000000000000000000000000000000056
S315010053500000000000000000000000000000000046
S315010053600000000000000000000000000000000036
S315010053700000000000000000000000000000000026
S315010053800000000000000000000000000000000016
S315010053900000000000000000000000000000000006
S315010053A000000000000000000000000000000000F6
S315010053B000000000000000000000000000000000E6
S315010053C000000000000000000000000000000000D6
S315010053D000000000000000000000000000000000C6
S315010053E000000000000000000000000000000000B6
S315010053F000000000000000000000000000000000A6
S315010054000000000000000000000000000000000095
S315010054100000000000000000000000000000000085
S315010054200000000000000000000000000000000075
S315010054300000000000000000000000000000000065
S315010054400000000000000000000000000000000055
S315010054500000000000000000000000000000000045
S315010054600000000000000000000000000000000035
S315010054700000000000000000000000000000000025
S315010054800000000000000000000000000000000015
S315010054900000000000000000000000000000000005
S315010054A000000000000000000000000000000000F5
S315010054B000000000000000000000000000000000E5
S315010054C000000000000000000000000000000000D5
S315010054D000000000000000000000000000000000C5
S315010054E000000000000000000000000000000000B5
S315010054F000000000000000000000000000000000A5
S315010055000000000000000000000000000000000094
S315010055100000000000000000000000000000000084
S315010055200000000000000000000000000000000074
S315010055300000000000000000000000000000000064
S315010055400000000000000000000000000000000054
S315010055500000000000000000000000000000000044
S315010055600000000000000000000000000000000034
S315010055700000000000000000000000000000000024
S315010055800000000000000000000000000000000014
S315010055900000000000000000000000000000000004
S315010055A000000000000000000000000000000000F4
S315010055B000000000000000000000000000000000E4
S315010055C000000000000000000000000000000000D4
S315010055D000000000000000000000000000000000C4
S315010055E000000000000000000000000000000000B4
S315010055F000000000000000000000000000000000A4
S315010056000000000000000000000000000000000093
S315010056100000000000000000000000000000000083
S315010056200000000000000000000000000000000073
S315010056300000000000000000000000000000000063
S315010056400000000000000000000000000000000053
S315010056500000000000000000000000000000000043
S315010056600000000000000000000000000000000033
S315010056700000000000000000000000000000000023
S315010056800000000000000000000000000000000013
S315010056900000000000000000000000000000000003
S315010056A000000000000000000000000000000000F3
S315010056B000000000000000000000000000000000E3
S315010056C000000000000000000000000000000000D3
S315010056D000000000000000000000000000000000C3
S315010056E000000000000000000000000000000000B3
S315010056F000000000000000000000000000000000A3
S315010057000000000000000000000000000000000092
S315010057100000000000000000000000000000000082
S315010057200000000000000000000000000000000072
S315010057300000000000000000000000000000000062
S315010057400000000000000000000000000000000052
S315010057500000000000000000000000000000000042
S315010057600000000000000000000000000000000032
S315010057700000000000000000000000000000000022
S315010057800000000000000000000000000000000012
S315010057900000000000000000000000000000000002
S315010057A000000000000000000000000000000000F2
S315010057B000000000000000000000000000000000E2
S315010057C000000000000000000000000000000000D2
S315010057D000000000000000000000000000000000C2
S315010057E000000000000000000000000000000000B2
S315010057F000000000000000000000000000000000A2
S315010058000000000000000000000000000000000091
S315010058100000000000000000000000000000000081
S315010058200000000000000000000000000000000071
S315010058300000000000000000000000000000000061
S315010058400000000000000000000000000000000051
S315010058500000000000000000000000000000000041
S315010058600000000000000000000000000000000031
S315010058700000000000000000000000000000000021
S315010058800000000000000000000000000000000011
S315010058900000000000000000000000000000000001
S315010058A000000000000000000000000000000000F1
S315010058B000000000000000000000000000000000E1
S315010058C000000000000000000000000000000000D1
S315010058D000000000000000000000000000000000C1
S315010058E000000000000000000000000000000000B1
S315010058F000000000000000000000000000000000A1
S315010059000000000000000000000000000000000090
S315010059100000000000000000000000000000000080
S315010059200000000000000000000000000000000070
S315010059300000000000000000000000000000000060
S315010059400000000000000000000000000000000050
S315010059500000000000000000000000000000000040
S315010059600000000000000000000000000000000030
S315010059700000000000000000000000000000000020
S315010059800000000000000000000000000000000010
S315010059900000000000000000000000000000000000
S315010059A000000000000000000000000000000000F0
S315010059B000000000000000000000000000000000E0
S315010059C000000000000000000000000000000000D0
S315010059D000000000000000000000000000000000C0
S315010059E000000000000000000000000000000000B0
S315010059F000000000000000000000000000000000A0
S31501005A00000000000000000000000000000000008F
S31501005A10000000000000000000000000000000007F
S31501005A20000000000000000000000000000000006F
S31501005A30000000000000000000000000000000005F
S31501005A40000000000000000000000000000000004F
S31501005A50000000000000000000000000000000003F
S31501005A60000000000000000000000000000000002F
S31501005A70000000000000000000000000000000001F
S31501005A80000000000000000000000000000000000F
S31501005A9000000000000000000000000000000000FF
S31501005AA000000000000000000000000000000000EF
S31501005AB000000000000000000000000000000000DF
S31501005AC000000000000000000000000000000000CF
S31501005AD000000000000000000000000000000000BF
S31501005AE000000000000000000000000000000000AF
S31501005AF0000000000000000000000000000000009F
S31501005B00000000000000000000000000000000008E
S31501005B10000000000000000000000000000000007E
S31501005B20000000000000000000000000000000006E
S31501005B30000000000000000000000000000000005E
S31501005B40000000000000000000000000000000004E
S31501005B50000000000000000000000000000000003E
S31501005B60000000000000000000000000000000002E
S31501005B70000000000000000000000000000000001E
S31501005B80000000000000000000000000000000000E
S31501005B9000000000000000000000000000000000FE
S31501005BA000000000000000000000000000000000EE
S31501005BB000000000000000000000000000000000DE
S31501005BC000000000000000000000000000000000CE
S31501005BD000000000000000000000000000000000BE
S31501005BE000000000000000000000000000000000AE
S31501005BF0000000000000000000000000000000009E
S31501005C00000000000000000000000000000000008D
S31501005C10000000000000000000000000000000007D
S31501005C20000000000000000000000000000000006D
S31501005C30000000000000000000000000000000005D
S31501005C40000000000000000000000000000000004D
S31501005C50000000000000000000000000000000003D
S31501005C60000000000000000000000000000000002D
S31501005C70000000000000000000000000000000001D
S31501005C80000000000000000000000000000000000D
S31501005C9000000000000000000000000000000000FD
S31501005CA000000000000000000000000000000000ED
S31501005CB000000000000000000000000000000000DD
S31501005CC000000000000000000000000000000000CD
S31501005CD000000000000000000000000000000000BD
S31501005CE000000000000000000000000000000000AD
S31501005CF0000000000000000000000000000000009D
S31501005D00000000000000000000000000000000008C
S31501005D10000000000000000000000000000000007C
S31501005D20000000000000000000000000000000006C
S31501005D30000000000000000000000000000000005C
S31501005D40000000000000000000000000000000004C
S31501005D50000000000000000000000000000000003C
S31501005D60000000000000000000000000000000002C
S31501005D70000000000000000000000000000000001C
S31501005D80000000000000000000000000000000000C
S31501005D9000000000000000000000000000000000FC
S31501005DA000000000000000000000000000000000EC
S31501005DB000000000000000000000000000000000DC
S31501005DC000000000000000000000000000000000CC
S31501005DD000000000000000000000000000000000BC
S31501005DE000000000000000000000000000000000AC
S31501005DF0000000000000000000000000000000009C
S31501005E00000000000000000000000000000000008B
S31501005E10000000000000000000000000000000007B
S31501005E20000000000000000000000000000000006B
S31501005E30000000000000000000000000000000005B
S31501005E40000000000000000000000000000000004B
S31501005E50000000000000000000000000000000003B
S31501005E60000000000000000000000000000000002B
S31501005E70000000000000000000000000000000001B
S31501005E80000000000000000000000000000000000B
S31501005E9000000000000000000000000000000000FB
S31501005EA000000000000000000000000000000000EB
S31501005EB000000000000000000000000000000000DB
S31501005EC000000000000000000000000000000000CB
S31501005ED000000000000000000000000000000000BB
S31501005EE000000000000000000000000000000000AB
S31501005EF0000000000000000000000000000000009B
S31501005F00000000000000000000000000000000008A
S31501005F10000000000000000000000000000000007A
S31501005F20000000000000000000000000000000006A
S31501005F30000000000000000000000000000000005A
S31501005F40000000000000000000000000000000004A
S31501005F50000000000000000000000000000000003A
S31501005F60000000000000000000000000000000002A
S31501005F70000000000000000000000000000000001A
S31501005F80000000000000000000000000000000000A
S31501005F9000000000000000000000000000000000FA
S31501005FA000000000000000000000000000000000EA
S31501005FB000000000000000000000000000000000DA
S31501005FC000000000000000000000000000000000CA
S31501005FD000000000000000000000000000000000BA
S31501005FE000000000000000000000000000000000AA
S31501005FF0000000000000000000000000000000009A
S315010060000000000000000000000000000000000089
S315010060100000000000000000000000000000000079
S315010060200000000000000000000000000000000069
S315010060300000000000000000000000000000000059
S315010060400000000000000000000000000000000049
S315010060500000000000000000000000000000000039
S315010060600000000000000000000000000000000029
S315010060700000000000000000000000000000000019
S315010060800000000000000000000000000000000009
S3150100609000000000000000000000000000000000F9
S315010060A000000000000000000000000000000000E9
S315010060B000000000000000000000000000000000D9
S315010060C000000000000000000000000000000000C9
S315010060D000000000000000000000000000000000B9
S315010060E000000000000000000000000000000000A9
S315010060F00000000000000000000000000000000099
S315010061000000000000000000000000000000000088
S315010061100000000000000000000000000000000078
S315010061200000000000000000000000000000000068
S315010061300000000000000000000000000000000058
S315010061400000000000000000000000000000000048
S315010061500000000000000000000000000000000038
S315010061600000000000000000000000000000000028
S315010061700000000000000000000000000000000018
S315010061800000000000000000000000000000000008
S3150100619000000000000000000000000000000000F8
S315010061A000000000000000000000000000000000E8
S315010061B000000000000000000000000000000000D8
S315010061C000000000000000000000000000000000C8
S315010061D000000000000000000000000000000000B8
S315010061E000000000000000000000000000000000A8
S315010061F00000000000000000000000000000000098
S315010062000000000000000000000000000000000087
S315010062100000000000000000000000000000000077
S315010062200000000000000000000000000000000067
S315010062300000000000000000000000000000000057
S315010062400000000000000000000000000000000047
S315010062500000000000000000000000000000000037
S315010062600000000000000000000000000000000027
S315010062700000000000000000000000000000000017
S315010062800000000000000000000000000000000007
S3150100629000000000000000000000000000000000F7
S315010062A000000000000000000000000000000000E7
S315010062B000000000000000000000000000000000D7
S315010062C000000000000000000000000000000000C7
S315010062D000000000000000000000000000000000B7
S315010062E000000000000000000000000000000000A7
S315010062F00000000000000000000000000000000097
S315010063000000000000000000000000000000000086
S315010063100000000000000000000000000000000076
S315010063200000000000000000000000000000000066
S315010063300000000000000000000000000000000056
S315010063400000000000000000000000000000000046
S315010063500000000000000000000000000000000036
S315010063600000000000000000000000000000000026
S315010063700000000000000000000000000000000016
S315010063800000000000000000000000000000000006
S3150100639000000000000000000000000000000000F6
S315010063A000000000000000000000000000000000E6
S315010063B000000000000000000000000000000000D6
S315010063C000000000000000000000000000000000C6
S315010063D000000000000000000000000000000000B6
S315010063E000000000000000000000000000000000A6
S315010063F00000000000000000000000000000000096
S315010064000000000000000000000000000000000085
S315010064100000000000000000000000000000000075
S315010064200000000000000000000000000000000065
S315010064300000000000000000000000000000000055
S315010064400000000000000000000000000000000045
S315010064500000000000000000000000000000000035
S315010064600000000000000000000000000000000025
S315010064700000000000000000000000000000000015
S315010064800000000000000000000000000000000005
S3150100649000000000000000000000000000000000F5
S315010064A000000000000000000000000000000000E5
S315010064B000000000000000000000000000000000D5
S315010064C000000000000000000000000000000000C5
S315010064D000000000000000000000000000000000B5
S315010064E000000000000000000000000000000000A5
S315010064F00000000000000000000000000000000095
S315010065000000000000000000000000000000000084
S315010065100000000000000000000000000000000074
S315010065200000000000000000000000000000000064
S315010065300000000000000000000000000000000054
S315010065400000000000000000000000000000000044
S315010065500000000000000000000000000000000034
S315010065600000000000000000000000000000000024
S315010065700000000000000000000000000000000014
S315010065800000000000000000000000000000000004
S3150100659000000000000000000000000000000000F4
S315010065A000000000000000000000000000000000E4
S315010065B000000000000000000000000000000000D4
S315010065C000000000000000000000000000000000C4
S315010065D000000000000000000000000000000000B4
S315010065E000000000000000000000000000000000A4
S315010065F00000000000000000000000000000000094
S315010066000000000000000000000000000000000083
S315010066100000000000000000000000000000000073
S315010066200000000000000000000000000000000063
S315010066300000000000000000000000000000000053
S315010066400000000000000000000000000000000043
S315010066500000000000000000000000000000000033
S315010066600000000000000000000000000000000023
S315010066700000000000000000000000000000000013
S315010066800000000000000000000000000000000003
S3150100669000000000000000000000000000000000F3
S315010066A000000000000000000000000000000000E3
S315010066B000000000000000000000000000000000D3
S315010066C000000000000000000000000000000000C3
S315010066D000000000000000000000000000000000B3
S315010066E000000000000000000000000000000000A3
S315010066F00000000000000000000000000000000093
S315010067000000000000000000000000000000000082
S315010067100000000000000000000000000000000072
S315010067200000000000000000000000000000000062
S315010067300000000000000000000000000000000052
S315010067400000000000000000000000000000000042
S315010067500000000000000000000000000000000032
S315010067600000000000000000000000000000000022
S315010067700000000000000000000000000000000012
S315010067800000000000000000000000000000000002
S3150100679000000000000000000000000000000000F2
S315010067A000000000000000000000000000000000E2
S315010067B000000000000000000000000000000000D2
S315010067C000000000000000000000000000000000C2
S315010067D000000000000000000000000000000000B2
S315010067E000000000000000000000000000000000A2
S315010067F00000000000000000000000000000000092
S315010068000000000000000000000000000000000081
S315010068100000000000000000000000000000000071
S315010068200000000000000000000000000000000061
S315010068300000000000000000000000000000000051
S315010068400000000000000000000000000000000041
S315010068500000000000000000000000000000000031
S315010068600000000000000000000000000000000021
S315010068700000000000000000000000000000000011
S315010068800000000000000000000000000000000001
S3150100689000000000000000000000000000000000F1
S315010068A000000000000000000000000000000000E1
S315010068B000000000000000000000000000000000D1
S315010068C000000000000000000000000000000000C1
S315010068D000000000000000000000000000000000B1
S315010068E000000000000000000000000000000000A1
S315010068F00000000000000000000000000000000091
S315010069000000000000000000000000000000000080
S315010069100000000000000000000000000000000070
S315010069200000000000000000000000000000000060
S315010069300000000000000000000000000000000050
S315010069400000000000000000000000000000000040
S315010069500000000000000000000000000000000030
S315010069600000000000000000000000000000000020
S315010069700000000000000000000000000000000010
S315010069800000000000000000000000000000000000
S3150100699000000000000000000000000000000000F0
S315010069A000000000000000000000000000000000E0
S315010069B000000000000000000000000000000000D0
S315010069C000000000000000000000000000000000C0
S315010069D000000000000000000000000000000000B0
S315010069E000000000000000000000000000000000A0
S315010069F00000000000000000000000000000000090
S31501006A00000000000000000000000000000000007F
S31501006A10000000000000000000000000000000006F
S31501006A20000000000000000000000000000000005F
S31501006A30000000000000000000000000000000004F
S31501006A40000000000000000000000000000000003F
S31501006A50000000000000000000000000000000002F
S31501006A60000000000000000000000000000000001F
S31501006A70000000000000000000000000000000000F
S31501006A8000000000000000000000000000000000FF
S31501006A9000000000000000000000000000000000EF
S31501006AA000000000000000000000000000000000DF
S31501006AB000000000000000000000000000000000CF
S31501006AC000000000000000000000000000000000BF
S31501006AD000000000000000000000000000000000AF
S31501006AE0000000000000000000000000000000009F
S31501006AF0000000000000000000000000000000008F
S31501006B00000000000000000000000000000000007E
S31501006B10000000000000000000000000000000006E
S31501006B20000000000000000000000000000000005E
S31501006B30000000000000000000000000000000004E
S31501006B40000000000000000000000000000000003E
S31501006B50000000000000000000000000000000002E
S31501006B60000000000000000000000000000000001E
S31501006B70000000000000000000000000000000000E
S31501006B8000000000000000000000000000000000FE
S31501006B9000000000000000000000000000000000EE
S31501006BA000000000000000000000000000000000DE
S31501006BB000000000000000000000000000000000CE
S31501006BC000000000000000000000000000000000BE
S31501006BD000000000000000000000000000000000AE
S31501006BE0000000000000000000000000000000009E
S31501006BF0000000000000000000000000000000008E
S31501006C00000000000000000000000000000000007D
S31501006C10000000000000000000000000000000006D
S31501006C20000000000000000000000000000000005D
S31501006C30000000000000000000000000000000004D
S31501006C40000000000000000000000000000000003D
S31501006C50000000000000000000000000000000002D
S31501006C60000000000000000000000000000000001D
S31501006C70000000000000000000000000000000000D
S31501006C8000000000000000000000000000000000FD
S31501006C9000000000000000000000000000000000ED
S31501006CA000000000000000000000000000000000DD
S31501006CB000000000000000000000000000000000CD
S31501006CC000000000000000000000000000000000BD
S31501006CD000000000000000000000000000000000AD
S31501006CE0000000000000000000000000000000009D
S31501006CF0000000000000000000000000000000008D
S31501006D00000000000000000000000000000000007C
S31501006D10000000000000000000000000000000006C
S31501006D20000000000000000000000000000000005C
S31501006D30000000000000000000000000000000004C
S31501006D40000000000000000000000000000000003C
S31501006D50000000000000000000000000000000002C
S31501006D60000000000000000000000000000000001C
S31501006D70000000000000000000000000000000000C
S31501006D8000000000000000000000000000000000FC
S31501006D9000000000000000000000000000000000EC
S31501006DA000000000000000000000000000000000DC
S31501006DB000000000000000000000000000000000CC
S31501006DC000000000000000000000000000000000BC
S31501006DD000000000000000000000000000000000AC
S31501006DE0000000000000000000000000000000009C
S31501006DF0000000000000000000000000000000008C
S31501006E00000000000000000000000000000000007B
S31501006E10000000000000000000000000000000006B
S31501006E20000000000000000000000000000000005B
S31501006E30000000000000000000000000000000004B
S31501006E40000000000000000000000000000000003B
S31501006E50000000000000000000000000000000002B
S31501006E60000000000000000000000000000000001B
S31501006E70000000000000000000000000000000000B
S31501006E8000000000000000000000000000000000FB
S31501006E9000000000000000000000000000000000EB
S31501006EA000000000000000000000000000000000DB
S31501006EB000000000000000000000000000000000CB
S31501006EC000000000000000000000000000000000BB
S31501006ED000000000000000000000000000000000AB
S31501006EE0000000000000000000000000000000009B
S31501006EF0000000000000000000000000000000008B
S31501006F00000000000000000000000000000000007A
S31501006F10000000000000000000000000000000006A
S31501006F20000000000000000000000000000000005A
S31501006F30000000000000000000000000000000004A
S31501006F40000000000000000000000000000000003A
S31501006F50000000000000000000000000000000002A
S31501006F60000000000000000000000000000000001A
S31501006F70000000000000000000000000000000000A
S31501006F8000000000000000000000000000000000FA
S31501006F9000000000000000000000000000000000EA
S31501006FA000000000000000000000000000000000DA
S31501006FB000000000000000000000000000000000CA
S31501006FC000000000000000000000000000000000BA
S31501006FD000000000000000000000000000000000AA
S31501006FE0000000000000000000000000000000009A
S31501006FF0000000000000000000000000000000008A
S315010070000000000000000000000000000000000079
S315010070100000000000000000000000000000000069
S315010070200000000000000000000000000000000059
S315010070300000000000000000000000000000000049
S315010070400000000000000000000000000000000039
S315010070500000000000000000000000000000000029
S315010070600000000000000000000000000000000019
S315010070700000000000000000000000000000000009
S3150100708000000000000000000000000000000000F9
S3150100709000000000000000000000000000000000E9
S315010070A000000000000000000000000000000000D9
S315010070B000000000000000000000000000000000C9
S315010070C000000000000000000000000000000000B9
S315010070D000000000000000000000000000000000A9
S315010070E00000000000000000000000000000000099
S315010070F00000000000000000000000000000000089
S315010071000000000000000000000000000000000078
S315010071100000000000000000000000000000000068
S315010071200000000000000000000000000000000058
S315010071300000000000000000000000000000000048
S315010071400000000000000000000000000000000038
S315010071500000000000000000000000000000000028
S315010071600000000000000000000000000000000018
S315010071700000000000000000000000000000000008
S3150100718000000000000000000000000000000000F8
S3150100719000000000000000000000000000000000E8
S315010071A000000000000000000000000000000000D8
S315010071B000000000000000000000000000000000C8
S315010071C000000000000000000000000000000000B8
S315010071D000000000000000000000000000000000A8
S315010071E00000000000000000000000000000000098
S315010071F00000000000000000000000000000000088
S315010072000000000000000000000000000000000077
S315010072100000000000000000000000000000000067
S315010072200000000000000000000000000000000057
S315010072300000000000000000000000000000000047
S315010072400000000000000000000000000000000037
S315010072500000000000000000000000000000000027
S315010072600000000000000000000000000000000017
S315010072700000000000000000000000000000000007
S3150100728000000000000000000000000000000000F7
S3150100729000000000000000000000000000000000E7
S315010072A000000000000000000000000000000000D7
S315010072B000000000000000000000000000000000C7
S315010072C000000000000000000000000000000000B7
S315010072D000000000000000000000000000000000A7
S315010072E00000000000000000000000000000000097
S315010072F00000000000000000000000000000000087
S315010073000000000000000000000000000000000076
S315010073100000000000000000000000000000000066
S315010073200000000000000000000000000000000056
S315010073300000000000000000000000000000000046
S315010073400000000000000000000000000000000036
S315010073500000000000000000000000000000000026
S315010073600000000000000000000000000000000016
S315010073700000000000000000000000000000000006
S3150100738000000000000000000000000000000000F6
S3150100739000000000000000000000000000000000E6
S315010073A000000000000000000000000000000000D6
S315010073B000000000000000000000000000000000C6
S315010073C000000000000000000000000000000000B6
S315010073D000000000000000000000000000000000A6
S315010073E00000000000000000000000000000000096
S315010073F00000000000000000000000000000000086
S315010074000000000000000000000000000000000075
S315010074100000000000000000000000000000000065
S315010074200000000000000000000000000000000055
S315010074300000000000000000000000000000000045
S315010074400000000000000000000000000000000035
S315010074500000000000000000000000000000000025
S315010074600000000000000000000000000000000015
S315010074700000000000000000000000000000000005
S3150100748000000000000000000000000000000000F5
S3150100749000000000000000000000000000000000E5
S315010074A000000000000000000000000000000000D5
S315010074B000000000000000000000000000000000C5
S315010074C000000000000000000000000000000000B5
S315010074D000000000000000000000000000000000A5
S315010074E00000000000000000000000000000000095
S315010074F00000000000000000000000000000000085
S315010075000000000000000000000000000000000074
S315010075100000000000000000000000000000000064
S315010075200000000000000000000000000000000054
S315010075300000000000000000000000000000000044
S315010075400000000000000000000000000000000034
S315010075500000000000000000000000000000000024
S315010075600000000000000000000000000000000014
S315010075700000000000000000000000000000000004
S3150100758000000000000000000000000000000000F4
S3150100759000000000000000000000000000000000E4
S315010075A000000000000000000000000000000000D4
S315010075B000000000000000000000000000000000C4
S315010075C000000000000000000000000000000000B4
S315010075D000000000000000000000000000000000A4
S315010075E00000000000000000000000000000000094
S315010075F00000000000000000000000000000000084
S315010076000000000000000000000000000000000073
S315010076100000000000000000000000000000000063
S315010076200000000000000000000000000000000053
S315010076300000000000000000000000000000000043
S315010076400000000000000000000000000000000033
S315010076500000000000000000000000000000000023
S315010076600000000000000000000000000000000013
S315010076700000000000000000000000000000000003
S3150100768000000000000000000000000000000000F3
S3150100769000000000000000000000000000000000E3
S315010076A000000000000000000000000000000000D3
S315010076B000000000000000000000000000000000C3
S315010076C000000000000000000000000000000000B3
S315010076D000000000000000000000000000000000A3
S315010076E00000000000000000000000000000000093
S315010076F00000000000000000000000000000000083
S315010077000000000000000000000000000000000072
S315010077100000000000000000000000000000000062
S315010077200000000000000000000000000000000052
S315010077300000000000000000000000000000000042
S315010077400000000000000000000000000000000032
S315010077500000000000000000000000000000000022
S315010077600000000000000000000000000000000012
S315010077700000000000000000000000000000000002
S3150100778000000000000000000000000000000000F2
S3150100779000000000000000000000000000000000E2
S315010077A000000000000000000000000000000000D2
S315010077B000000000000000000000000000000000C2
S315010077C000000000000000000000000000000000B2
S315010077D000000000000000000000000000000000A2
S315010077E00000000000000000000000000000000092
S315010077F00000000000000000000000000000000082
S315010078000000000000000000000000000000000071
S315010078100000000000000000000000000000000061
S315010078200000000000000000000000000000000051
S315010078300000000000000000000000000000000041
S315010078400000000000000000000000000000000031
S315010078500000000000000000000000000000000021
S315010078600000000000000000000000000000000011
S315010078700000000000000000000000000000000001
S3150100788000000000000000000000000000000000F1
S3150100789000000000000000000000000000000000E1
S315010078A000000000000000000000000000000000D1
S315010078B000000000000000000000000000000000C1
S315010078C000000000000000000000000000000000B1
S315010078D000000000000000000000000000000000A1
S315010078E00000000000000000000000000000000091
S315010078F00000000000000000000000000000000081
S315010079000000000000000000000000000000000070
S315010079100000000000000000000000000000000060
S315010079200000000000000000000000000000000050
S315010079300000000000000000000000000000000040
S315010079400000000000000000000000000000000030
S315010079500000000000000000000000000000000020
S315010079600000000000000000000000000000000010
S315010079700000000000000000000000000000000000
S3150100798000000000000000000000000000000000F0
S3150100799000000000000000000000000000000000E0
S315010079A000000000000000000000000000000000D0
S315010079B000000000000000000000000000000000C0
S315010079C000000000000000000000000000000000B0
S315010079D000000000000000000000000000000000A0
S315010079E00000000000000000000000000000000090
S315010079F00000000000000000000000000000000080
S31501007A00000000000000000000000000000000006F
S31501007A10000000000000000000000000000000005F
S31501007A20000000000000000000000000000000004F
S31501007A30000000000000000000000000000000003F
S31501007A40000000000000000000000000000000002F
S31501007A50000000000000000000000000000000001F
S31501007A60000000000000000000000000000000000F
S31501007A7000000000000000000000000000000000FF
S31501007A8000000000000000000000000000000000EF
S31501007A9000000000000000000000000000000000DF
S31501007AA000000000000000000000000000000000CF
S31501007AB000000000000000000000000000000000BF
S31501007AC000000000000000000000000000000000AF
S31501007AD0000000000000000000000000000000009F
S31501007AE0000000000000000000000000000000008F
S31501007AF0000000000000000000000000000000007F
S31501007B00000000000000000000000000000000006E
S31501007B10000000000000000000000000000000005E
S31501007B20000000000000000000000000000000004E
S31501007B30000000000000000000000000000000003E
S31501007B40000000000000000000000000000000002E
S31501007B50000000000000000000000000000000001E
S31501007B60000000000000000000000000000000000E
S31501007B7000000000000000000000000000000000FE
S31501007B8000000000000000000000000000000000EE
S31501007B9000000000000000000000000000000000DE
S31501007BA000000000000000000000000000000000CE
S31501007BB000000000000000000000000000000000BE
S31501007BC000000000000000000000000000000000AE
S31501007BD0000000000000000000000000000000009E
S31501007BE0000000000000000000000000000000008E
S31501007BF0000000000000000000000000000000007E
S31501007C00000000000000000000000000000000006D
S31501007C10000000000000000000000000000000005D
S31501007C20000000000000000000000000000000004D
S31501007C30000000000000000000000000000000003D
S31501007C40000000000000000000000000000000002D
S31501007C50000000000000000000000000000000001D
S31501007C60000000000000000000000000000000000D
S31501007C7000000000000000000000000000000000FD
S31501007C8000000000000000000000000000000000ED
S31501007C9000000000000000000000000000000000DD
S31501007CA000000000000000000000000000000000CD
S31501007CB000000000000000000000000000000000BD
S31501007CC000000000000000000000000000000000AD
S31501007CD0000000000000000000000000000000009D
S31501007CE0000000000000000000000000000000008D
S31501007CF0000000000000000000000000000000007D
S31501007D00000000000000000000000000000000006C
S31501007D10000000000000000000000000000000005C
S31501007D20000000000000000000000000000000004C
S31501007D30000000000000000000000000000000003C
S31501007D40000000000000000000000000000000002C
S31501007D50000000000000000000000000000000001C
S31501007D60000000000000000000000000000000000C
S31501007D7000000000000000000000000000000000FC
S31501007D8000000000000000000000000000000000EC
S31501007D9000000000000000000000000000000000DC
S31501007DA000000000000000000000000000000000CC
S31501007DB000000000000000000000000000000000BC
S31501007DC000000000000000000000000000000000AC
S31501007DD0000000000000000000000000000000009C
S31501007DE0000000000000000000000000000000008C
S31501007DF0000000000000000000000000000000007C
S31501007E00000000000000000000000000000000006B
S31501007E10000000000000000000000000000000005B
S31501007E20000000000000000000000000000000004B
S31501007E30000000000000000000000000000000003B
S31501007E40000000000000000000000000000000002B
S31501007E50000000000000000000000000000000001B
S31501007E60000000000000000000000000000000000B
S31501007E7000000000000000000000000000000000FB
S31501007E8000000000000000000000000000000000EB
S31501007E9000000000000000000000000000000000DB
S31501007EA000000000000000000000000000000000CB
S31501007EB000000000000000000000000000000000BB
S31501007EC000000000000000000000000000000000AB
S31501007ED0000000000000000000000000000000009B
S31501007EE0000000000000000000000000000000008B
S31501007EF0000000000000000000000000000000007B
S31501007F00000000000000000000000000000000006A
S31501007F10000000000000000000000000000000005A
S31501007F20000000000000000000000000000000004A
S31501007F30000000000000000000000000000000003A
S31501007F40000000000000000000000000000000002A
S31501007F50000000000000000000000000000000001A
S31501007F60000000000000000000000000000000000A
S31501007F7000000000000000000000000000000000FA
S31501007F8000000000000000000000000000000000EA
S31501007F9000000000000000000000000000000000DA
S31501007FA000000000000000000000000000000000CA
S31501007FB000000000000000000000000000000000BA
S31501007FC000000000000000000000000000000000AA
S31501007FD0000000000000000000000000000000009A
S31501007FE0000000000000000000000000000000008A
S31501007FF0000000000000000000000000000000007A
S31501008000083A0020F9B80001BDDC0001BDDC000121
S31501008010BDDC0001BDDC0001BDDC0001BDDC0001F1
S31501008020BDDC0001BDDC0001BDDC0001691B800077
S31501008030BDDC0001BDDC00010D1B8000CF128000FC
S31501008040BDDC00013DD20001BDDC0001BDDC00014B
S31501008050BDDC0001BDDC0001BDDC0001BDDC0001B1
S31501008060BDDC0001BDDC0001BDDC0001BDDC0001A1
S31501008070BDDC0001BDDC0001BDDC00010D0E800090
S31501008080BDDC0001BDDC0001BDDC0001BDDC000181
S31501008090BDDC0001BDDC0001BDDC0001BDDC000171
S315010080A0BDDC0001BDDC0001BDDC0001BDDC000161
S315010080B0BDDC0001BDDC0001BDDC0001BDDC000151
S315010080C0BDDC0001BDDC0001BDDC0001BDDC000141
S315010080D0BDDC0001BDDC0001BDDC0001BDDC000131
S315010080E0BDDC0001BDDC00010DBE0001EDBD0001DE
S315010080F0BDDC0001BDDC0001BDDC0001BDDC000111
S31501008100BDDC0001BDDC0001BDDC0001BDDC000100
S31501008110BDDC0001BDDC0001BDDC0001BDDC0001F0
S31501008120BDDC0001BDDC0001BDDC0001BDDC0001E0
S31501008130BDDC0001BDDC0001BDDC0001BDDC0001D0
S31501008140BDDC0001BDDC0001D1C00001BDDC0001C8
S31501008150BDDC0001BDDC0001BDDC0001BDDC0001B0
S31501008160BDDC0001BDDC0001ED0E8000BDDC0001BF
S31501008170BDDC0001BDDC0001BDDC0001BDDC000190
S31501008180BDDC0001BDDC0001BDDC0001BDDC000180
S31501008190BDDC0001BDDC0001BDDC0001BDDC000170
S30D010081A0BDDC0001BDDC00019C
S315010081A8014B1868704700BF5C5400200B4B1B6FCE
S315010081B803F00703013B042B04D8DFE803F00D04A1
S315010081C8070B0900FEE7064B18687047054BFBE7E6
S315010081D8054BF9E705487047054870470040804058
S315010081E85C540020645400205854002080D5430272
S315010081F8002D310108B5FFF7D9FF054B1B6FC3F3F6
S3150100820803330133B0FBF3F0024B186008BD00BF1E
S31501008218004080405454002000487047002D310129
S31501008228014B1868704700BF645400200048704726
S3150100823880D543024FF40022074B5A66074B9B68C9
S3150100824813F4E04FC3F3023204D0012A044818BFDD
S3150100825800207047034870470050804000001040D6
S31501008268005A6202002D3101014B1868704700BFA0
S31501008278605400204FF4004070474FF47A707047FD
S3150100828809B100F009B822207047012100F06EB942
S31501008298002100F06BB9000070B504460D4600F0E8
S315010082A8CFFC06461D2C00F25A81DFE814F01E00A9
S315010082B8270058012A0034003F002E0156006100AC
S315010082C858017A00DF007E00920058015801960095
S315010082D8A9005801AD005801B10058014601F30043
S315010082E858010A01CB0058013E01FFF75FFF002440
S315010082F82860304600F09FFC204670BDFFF77AFFE4
S31501008308F5E7994B1C6FFFF775FFC4F38024013419
S31501008318B0FBF4F0EBE7944B1C6FFFF76BFFC4F36C
S3150100832880240134B0FBF4F04008E0E78E4BD3F823
S315010083388000D3F88030C0F3011003F00303022B49
S3150100834800F1010400F0D880032B00F0D880012B3E
S3150100835840F08180FFF72AFFDAE7FFF727FF824B14
S31501008368D3F89030C3F304430133B0FBF3F0BEE70F
S315010083787D4BD3F8203103F00703013B052B6AD85F
S31501008388DFE813F00600E7000C0009000600E70025
S31501008398FFF706FFABE7FFF74DFFA8E7FFF73CFF3F
S315010083A8A5E7714BD3F82831E5E76F4BD3F8403190
S315010083B803F00303022B06D0032B07D0012B4AD166
S315010083C8FFF758FF93E7FFF74FFF90E7FFF755FFD2
S315010083D88DE7654BD3F86031EAE7634BD3F8003292
S315010083E803F00703013B032B35D801A252F823F00A
S315010083F821028000270280002D0280006102800090
S31501008408FFF7F8FE800A72E7574BD3F84032CFE7F9
S31501008418554BD3F8203203F00703013B032B1AD837
S3150100842801A252F823F000BF99028000F7018000EB
S31501008438210280002702800029460A20FFF72CFF27
S31501008448044656E7484BD3F8703203F00303012B71
S3150100845805D0022B06D0002302242B6049E72946C2
S315010084680C20EBE700230F242B6042E73E4BD3F8A1
S31501008478A83203F00703013B032BECD801A252F8FB
S3150100848823F000BFF1018000B3038000FD018000E5
S31501008498F7018000344BD3F8AC3203F00703013BF4
S315010084A8032BD8D801A252F823F000BF1D03800080
S315010084B8F7018000210280002702800029460B204F
S315010084C8BCE7294BD3F8B002D3F8B03200F03F002D
S315010084D803F4E063B3F5407F00F1010412D008D834
S315010084E8B3F5807F0BD0B3F5007FB4D1FFF798FEC3
S315010084F80EE7B3F5806FAED1FFF79CFE08E7FFF7ED
S315010085084FFE05E7FFF788FE02E7174BD3F88031E0
S3150100851803F00303022B3FF441AF032B3FF43BAFB8
S31501008528012B98D12946082088E74FF0E0231B69DB
S3150100853829465B0794D5012080E70B4BD3F8003118
S3150100854803F00303022B3FF43EAF032B04D0012BA8
S3150100855881D1FFF765FECAE6FFF768FEC7E6002385
S3150100856821242B60C5E600BF0040804070B50D464A
S3150100857808B3036813F4E07F03F03F06C3F38212DE
S3150100858812D0012A12D0032A15D10C4C9B0603D509
S3150100859874210B480DF070DC55B104F580540123A4
S315010085A80020B340236070BD064CEFE7064CEDE7AB
S315010085B804F50054F3E70E20F5E700BFB442804006
S315010085C828ED00016440804068408040F8B5164FA8
S315010085D805463B78834218D0144B1A6840F20123AA
S315010085E89A4212D9A0B10B2819D1114C6379C3B992
S315010085F800F026FB214606460E4800F059FA0446C5
S31501008608304600F018FB0CB93D7000242046F8BD31
S3150100861800F016FB0646074800F02EFAEFE721247C
S31501008628F4E70E24F2E700BFDC540020444A002098
S31501008638DD540020484A002010B5044628B90F48E1
S31501008648EF210DF019DC222010BD037893B1013B0F
S31501008658DBB2022B05D80A4AD35C6278D340DB0722
S3150100866803D4F22105480DF007DC204600F036F860
S315010086780020E9E740F2FF13EFE700BFE2EA000155
S3150100868850EB000110B5044620B94FF4D8711048D3
S315010086980DF0F2DB2378BBB1013BDBB2022B05D827
S315010086A80C4AD35C6278D340DB0704D440F2B31199
S315010086B807480DF0E1DB0122637821789A403023DF
S315010086C85943054B5A5010BD40F2FF13EAE700BF64
S315010086D853EB000135EC000140D0834010B5044648
S315010086E820B940F2972110480DF0C6DB2378BBB1BB
S315010086F8013BDBB2022B05D80C4AD35C6278D34026
S31501008708DB0704D440F29A2107480DF0B5DB0122B4
S31501008718637821789A4030235943054B5A5010BD46
S3150100872840F2FF13EAE700BF53EB000135EC000105
S3150100873840F083404FF023435A68D20702D5DA69DD
S31501008748002AF9D17047000040B94FF023435A680F
S31501008758D20702D59A6E002AF9D170473A21014803
S315010087680DF08A9BABEC000110B9044B59657047B3
S3150100877840F2A91102480DF07F9B00BF001000A32B
S31501008788ABEC000110B9044B5965704740F2DF1193
S3150100879802480DF0719B00BF002000A3ABEC00015D
S315010087A810B9044B1965704740F2152102480DF0BE
S315010087B8639B00BF002000A3ABEC000108B518B904
S315010087C84FF02343186D08BD034840F24A210DF0C6
S315010087D853DB0020F7E700BFABEC000138B50446D0
S315010087E80D46FFF7B1FF14B91DB1012D05D00020C3
S315010087F802E04FF02343D86D38BD4FF02343186E7E
S31501008808FAE770B506460D461446FFF79DFF16B9F9
S3150100881815B1012D04D070BD4FF02343DC65FAE78D
S315010088284FF023431C66F6E70146064802688A426A
S3150100883805D843681A44914228BF00207047002092
S31501008848704700BF704A002038B5054600F0EFF9B9
S315010088584FF400410D4A0E4B9B6E916602F53C3270
S31501008868546803F40043E443012204F0010455B1BA
S3150100887808494A601BB94FF40042074B9A6600F053
S31501008888D1F9204638BD0549F3E700BF00508040BD
S315010088980040804000608340006080400050834073
S315010088A8B0F5A02F08B50DD016D8B0F5003F27D0E2
S315010088B80AD840B1B0F5803F24D040F239111548A5
S315010088C80DF0DADA012008BDB0F5403F1CD0B0F54D
S315010088D8802FF2D14B20F6E7B0F5202F16D007D816
S315010088E8B0F5C02FEED0B0F5E02FE6D12120EAE7AA
S315010088F8B0F5302F0CD0B0F57F0FDED10620E2E7B8
S315010089082A20E0E74820DEE72C20DCE71020DAE71A
S315010089181120D8E76CF2000108B54FF0FF31054880
S3150100892800F079FB28B94FF48062034B9A66BFF3CE
S315010089384F8F08BD984D0020005080404FF480624B
S31501008948024B03489A6600F084BB00BF0060804072
S31501008958984D002070B50446002855D0FFF7DCFF76
S31501008968034600284ED194F825602EB1FFF76CFF17
S3150100897801220646254B1A70204600F023F994F881
S3150100898824304BB94FF085435A6CD202FCD55D6D44
S315010089981B6805F4702512E04FF08545AB6D43F071
S315010089A80203AB6500F086FD02281BD0AB6D23F0F0
S315010089B80203AB654FF4A022154B1D681A6094F8A3
S315010089C8253033B116B10120FFF73EFF00220F4BC8
S315010089D81A70FFF7B3FF0346A5B12846BDE87040F4
S315010089E8FFF75EBF0B4B4FF0FF31186E00F036FFF5
S315010089F8AB6D23F00203AB650028DBD02B68FFF7CC
S31501008A089DFF0123184670BD2123FBE74E54002024
S31501008A1870540020344D002008B528B128220021C1
S31501008A2800F008FD002008BD2120FCE7012310B550
S31501008A3880F825300446FFF78DFF002384F825309A
S31501008A4810BD000038B51546044688B182B1002329
S31501008A58084A8360C0E90023036200F0A3F82046B0
S31501008A68294600F09FF82046BDE83840FFF7DEBFEB
S31501008A78212038BD000062FF13B501A9044600F0A4
S31501008A886BF880B940F20123019A9A420DD96FF425
S31501008A988072A3F56B031344C4E90030A060206219
S31501008AA82046FFF757FF02B010BD0F20FBE7000075
S31501008AB82DE9F74391F800800446A8F10603052B32
S31501008AC842D8B1F80150B5F5006F3DD2CF78052FE0
S31501008AD83AD80E79032E37D891F8059019F0FD0F7B
S31501008AE832D101A900F038F8E8B940F20122019B18
S31501008AF893421BD9164B4946C4E90030A06020624F
S31501008B08204600F04FF8204645EA084100F04AF8A9
S31501008B183946204600F046F83146204600F042F82C
S31501008B282046FFF717FF03B0BDE8F083B3F5007FD2
S31501008B380CD3084B4946C4E90030A06020622046A0
S31501008B4800F030F82946E8E72120ECE70F20EAE7AC
S31501008B58000215FF000015FF10B50C46D0B1C9B1CA
S31501008B6800F065F80C4B0D495A6E4FF48033D20369
S31501008B784B6601F5DE21D1F80C1658BF084A21606B
S31501008B8858BF536600F04EF80020236823F07F4350
S31501008B98236010BD2120FCE7004080400050804042
S31501008BA800608040036A042B03D9F52104480DF0BF
S31501008BB8639900EB83020133D1600362704700BFFA
S31501008BC804F30001036A052B17D84FF08542116C8F
S31501008BD8C902FCD5002105339B00136511600168A4
S31501008BE8143B11604168116050F8081F11604FF07D
S31501008BF885420344984205D1704740F2071103485C
S31501008C080DF03A9950F8041F1160F3E704F30001D7
S31501008C18836813B9816070475B685A68012AFBD17A
S31501008C285960704710B962B6BFF36F8F7047EFF39B
S31501008C38108072B6704780F31188BFF36F8F704743
S31501008C48EFF31180302383F311887047EFF3108314
S31501008C58DB0706D4EFF311802F2894BF00200120EB
S31501008C68704701207047000030B50E4C41612368FA
S31501008C788BB9206083600DE0891A9A681D464161A7
S31501008C886AB113465A698A42F6D935B1A860521AA9
S31501008C9883605A6130BD0025F4E72060F7E79860E4
S31501008CA88260F7E7A44A00200D490B68A0B10022AB
S31501008CB8A3B1834203D1836822B90B6003E01A4644
S31501008CC89B68F5E7936083680BB9002070475A697A
S31501008CD841690A445A61F8E7222070470220704721
S31501008CE8A44A002038B500F0EDF80025084B094CD8
S31501008CF81A682368C31A2AB123B15169994203D361
S31501008D08C91A5161206038BD55615B1A9268F2E74C
S31501008D18A44A0020A04A002038B5154D2B682BB36C
S31501008D285B69A3B1134A022014681C4400F0E2F8F7
S31501008D38204600F0E9F800230F492A680B7022B192
S31501008D48D08880070AD501230B70002038BD022080
S31501008D5800F0D0F8022000F021F9ECE79268002A29
S31501008D68F3D050690344012BEAD9EEE72220EDE757
S31501008D78A44A0020A04A00204B540020C2072DE92E
S31501008D88F843044607D54B4A136801331360FFF7C6
S31501008D98A9FFFFF7C1FFA30740F18A80FFF750FF3C
S31501008DA84FF0000805464646FFF79CFF424F3C68D0
S31501008DB80CB16369A3B10022404B012E1A7003D18D
S31501008DC818F0020F18BF1E70FFF7A6FF222802D15E
S31501008DD8022000F0D1F82846BDE8F843FFF72BBF7B
S31501008DE823465A693AB91A792179914288BF1C46AC
S31501008DF89B68002BF5D12846FFF71DFF2569DDB1D4
S31501008E0800F060F8A269A0EB02084FEAE873A845EA
S31501008E1873F1000311DB23691344A361E36813B1FA
S31501008E28204621689847B4F80680FFF709FF0136FE
S31501008E380546FFF757FFBAE7A846FFF701FF814640
S31501008E482046FFF731FF4846FFF7F5FE2369002B59
S31501008E58E4D0B5EB08054FEAE87363EB4303012D4C
S31501008E6873F1000304DA40F27C6115480DF004D869
S31501008E78A38B33B1E28B13449BB2B3F57A7F0FD23E
S31501008E88E383FFF7DDFE804629462046FFF7ECFE21
S31501008E98A369226940461344A361FFF7CCFEBDE7E7
S31501008EA8A3F57A73E383A369013D013BA361E8E76F
S31501008EB8BDE8F883AC4A0020A44A00204A540020A1
S31501008EC824F1000108B5FFF735FC4FF023439869F3
S31501008ED808BD00210846FFF781BC000007B5044B11
S31501008EE801A91879FFF7CCF9019803B05DF804FBDD
S31501008EF8DCEE000100F00101830748BF41F00201E1
S31501008F080020FFF731BC0000F8B50446FFF78FFED5
S31501008F180746FFF70FFC4FF023439D69FFF7D9FF7B
S31501008F2806460020FFF74AFC830704D4731B032B6C
S31501008F3801D8AE420FD10021631B022B98BFEC1C4E
S31501008F480846B4F1FF3F2CBF2246621EFFF759FCC3
S31501008F580220FFF7CFFF3846FFF764FE044B1A7865
S31501008F6822B10121034A916500221A70F8BD00BF9A
S31501008F78E4540020001000A3830700F0010106D580
S31501008F880123044A41F002011370034A9365002044
S31501008F98FFF7F8BBE4540020002000A3830742BF73
S31501008FA80222014B1A657047001000A338B5FFF776
S31501008FB847FE04460020FFF701FC830700F0010580
S31501008FC848BF45F0020500F003010020FFF7E8FB62
S31501008FD82846FFF7D3FE2046BDE83840FFF72BBEEB
S31501008FE870B50546A8B1FFF722FE0646286E00F0C1
S31501008FF8B8FB044640B100F014FB844209BF6C6D0E
S315010090080124E44304F001043046FFF70BFE204631
S3150100901870BD0124FBE738B50D460446B8B100F02A
S3150100902849FA02280FD1FFF711FE20B12046BDE803
S315010090383840FFF7D5BF2946206E00F04BFB0038B4
S3150100904818BF012038BD0328F0D00020FAE7012017
S31501009058F8E710B50446B0B100F02CFA02280ED193
S31501009068FFF7F4FD20B12046BDE81040FFF7B8BF71
S31501009078206E00F054FB003818BF012010BD0328EC
S31501009088F1D00020FAE70120F8E7000008B54FF013
S3150100909882439A6A12F0340F1CBF34221A63074BB3
S315010090A81B7A53B100F006FA0238012805D8044B99
S315010090B8186EBDE8084000F0FFBB08BD74540020D7
S315010090C8004E002001280BD8074B5B68C3F3080341
S315010090D843B90C22054B06481B6802FB030070477F
S315010090E8002070470348704700ED00E0FC4D002062
S315010090F874540020805400204368BFF34F8F58589A
S31501009108BFF34F8F70474368BFF34F8F5A50BFF372
S315010091184F8F704753B94AB9002908BF00281CBFA9
S315010091284FF0FF314FF0FF3000F082B9ADF1080C76
S315010091386DE904CE00F006F8DDF804E0DDE9022366
S3150100914804B070472DE9F04F099D0C46002B4DD10F
S315010091588A420F4684469646B2FA82F360D94BB1E3
S3150100916802FA03FEC3F120029F4000FA03FC20FA2B
S3150100917802F217434FEA1E461FFA8EF44FEA1C42C3
S31501009188B7FBF6F106FB117701FB04F042EA074249
S31501009198904208D91EEB020201F1FF3702D2904232
S315010091A800F231813946121A1FFA8CFCB2FBF6F02D
S315010091B806FB102200FB04F44CEA024C644508D96C
S315010091C81EEB0C0C00F1FF3202D2644500F21E813F
S315010091D8104640EA0140ACEB040C002125B12CFAFB
S315010091E803F30022C5E90032BDE8F08F8B4205D9A9
S315010091F80DB1C5E9000100210846F5E7B3FA83F187
S3150100920800294DD1A342C0F0F380904280F0F0804E
S31501009218064623460846002DE6D0C5E90063E3E77E
S31501009228002B40F0A3808A1A4FEA1E471FFA8EF6D2
S315010092380121B2FBF7F407FB14204FEA1C4242EA6C
S31501009248004206FB04F090420FD91EEB020204F11C
S31501009258FF382CBF4FF001094FF00009904203D99E
S31501009268B9F1000F00F0CC804446121A1FFA8CFCA3
S31501009278B2FBF7F007FB102200FB06F64CEA024C9C
S31501009288664508D91EEB0C0C00F1FF3202D2664581
S3150100929800F2B3801046ACEB060C40EA04409DE7A9
S315010092A8C1F120068B4004FA01FE22FA06F720FADC
S315010092B806FCF4408A401F434EEA0C0300FA01FEFD
S315010092C84FEA17484FEA13491FFA87FCB4FBF8F02F
S315010092D808FB104449EA044400FB0CF9A1450ED9E0
S315010092E83C1900F1FF3A2CBF4FF0010B4FF0000B70
S315010092F8A14503D9BBF1000F00F08B805046A4EBC2
S3150100930809041FFA83F9B4FBF8F308FB134403FBBA
S315010093180CFC49EA0444A44506D93C1903F1FF3873
S3150100932801D2A4457BD8434643EA0040A4EB0C048A
S31501009338A0FB02984445CC46434602D306D1CE4506
S3150100934804D20138B9EB020C68EB0703002D6CD087
S31501009358BEEB0C0264EB030422FA01F304FA06F6E7
S31501009368CC4000211E43C5E900643DE702FA03FE2D
S31501009378C3F1200104FA03F200FA03FCCC404FEAD8
S315010093881E4720FA01F11FFA8EF6B4FBF7F00A43DD
S3150100939807FB1044110C41EA044100FB06F48C4218
S315010093A80ED91EEB010100F1FF382CBF4FF0010960
S315010093B84FF000098C4202D9B9F1000F2CD0404672
S315010093C8091B92B2B1FBF7F407FB141142EA0142F9
S315010093D804FB06F1914207D91EEB020204F1FF389C
S315010093E801D291421ED84446521A44EA004120E766
S315010093F8861A64EB030301200DE7F44402384AE7B1
S31501009408023C724431E702397244CCE6F44402382C
S31501009418DFE602383C4472E702387144D0E7023B82
S315010094283C4481E7023C7244DEE72946DCE600BF9C
S31501009438704700BF02440346934200D1704703F8C0
S31501009448011BF9E710B5EFF3058414B10124204691
S3150100945810BD01F0D1FE0128F9D0EFF31083002BDE
S31501009468F4D1EFF31184003C18BF0124EFE708B5E6
S315010094784FF0E0231B6901F0BFFE012803D0BDE8C8
S31501009488084000F0ADBB08BD08B5FFF7DBFF48B9DA
S3150100949801F0B2FE0128034607D1054A106820B932
S315010094A8136008BD6FF00500FBE74FF0FF30F8E7E2
S315010094B87043002008B501F09FFE38B1022804D098
S315010094C8034B1868431E5842584108BD0320FCE760
S315010094D87043002010B5FFF7B5FF044668B901F0DF
S315010094E88BFE01280CD1084B1A68012A08D10222E1
S315010094F81A6001F093FB204610BD6FF00500FBE7EB
S315010095084FF0FF30F8E700BF7043002010B5FFF7B2
S3150100951899FF044640B901F06FFE40B1022808D10F
S3150100952801F0CAFB204610BD6FF00500FBE70120DC
S31501009538F9E74FF0FF30F6E710B50446FFF782FF6B
S31501009548B0B901F059FE30F0020314D1012C03D150
S3150100955801F0B2FB204610BD6CB901F07FFC012871
S31501009568F8D001F049FE841E18BF4FF0FF34F1E729
S315010095786FF00504EEE74FF0FF34EBE700232DE922
S31501009588F04186B005460E4690460593FFF75AFF09
S3150100959800BBFDB1B8F1000F3DD0D8F818402CB189
S315010095A8631E372B03D906B0BDE8F0811824D8F815
S315010095B80430DB0733D4D8F814306BB19A08D8F8DD
S315010095C80010D8E902704FB1572803D9D8F810000E
S315010095D800B1B3B90598E6E7A022F0E70028F9D16A
S315010095E8D8F81030002BF5D105AB013C019328467C
S315010095F83346009401F0F4F901281CBF00230593B2
S31501009608E8E7013CCDE9010733462846009401F015
S3150100961815FA0590DEE741461824A022E4E7002062
S31501009628C1E701F0DDBD38B50546FFF70BFF044676
S3150100963850B965B1284601F0A7FA04280AD0284688
S3150100964801F04EFA204638BD6FF00500FBE76FF0D2
S315010096580300F8E76FF00200F5E738B50546FFF7AE
S31501009668F1FE10B10024204638BD25B9BDE83840C1
S31501009678012000F0B5BF6B681A07F3D4D5E90212C9
S3150100968803F0010379B14F2AECD99BB1042001F00B
S315010096980FF804460028E5D0296809B100F0AAFEAA
S315010096A844F00104DFE7002ADCD17BB1042000F095
S315010096B897FFEEE7012000F0FBFF04460028D1D012
S315010096C829680029CFD000F095FECCE7012000F0EB
S315010096D887FFF2E7F8B505460C4620F0010600F0CB
S315010096E80107FFF7AFFEA0B9012D15D9214630466E
S315010096F867B100F041FE012801D10020F8BD002C18
S3150100970814BF6FF001006FF00200F7E700F076FD75
S31501009718F1E76FF00500F1E76FF00300EEE770B5CA
S31501009728044620F0010500F00106FFF78BFE90B90B
S31501009738012C13D946B1284600F03EFE01280CBF7C
S3150100974800206FF0020070BD334632463146284686
S3150100975800F08CFBF2E76FF00500F4E76FF0030009
S31501009768F1E7012810B50ED920F00104FFF76AFECA
S3150100977820B12046BDE8104000F0EEBD2046BDE808
S31501009788104000F0D3BD002010BD70B5054620F08D
S315010097980106FFF757FE044648B9012D0AD9304696
S315010097A800F050FE304600F06DFE204670BD6FF0A9
S315010097B80500FBE76FF00300F8E773B504460E46AC
S315010097C81546FFF73FFE70BB6CB3B4422BD35DB9A8
S315010097D8012C3BD120460322002100F0D1FE04468C
S315010097E808B396B905B32AE0D5E90232CBB14F2AB7
S315010097F819D9012C1BD103220146009202462046A3
S3150100980800F010FF044670B1CEB1002320461A4677
S31501009818194600F02BFB0128E4D0204600F032FE61
S3150100982801E0002AD4D00024204602B070BD2046AB
S315010098381A46314600F04AFF04460028F3D0296843
S315010098480029F1D0204600F0D5FDEDE72046314646
S3150100985800F0D2FE04460028C4D1E4E737B50C4629
S31501009868054618B96FF0030003B030BDFFF7EAFDEE
S31501009878B8B1002CF6D12146284601AA019400F078
S315010098886FFC012802D06FF00200EDE7019B0BB9CE
S315010098980020E9E74FF0E0234FF08052C3F8042D8A
S315010098A8F6E72146284600F0A9FC0128F0D0002C4D
S315010098B8E9D06FF00100D7E713B5044608B3FFF7FF
S315010098C8C1FD0346A8B10023204601A9019300F072
S315010098D8F9FB012803D06FF0020002B010BD019B0D
S315010098E82BB14FF0E0234FF08052C3F8042D00202E
S315010098F8F3E702460146204600F0B8FA0128F6D0F9
S31501009908E9E76FF00300E8E738B50546FFF79AFD82
S31501009918044640B955B1284600F094FD284600F0A2
S31501009928B1FD204638BD6FF00500FBE76FF0030077
S31501009938F8E70000034B0360034B0B60A023136099
S31501009948704700BF1843002098400020034B03606E
S31501009958034B0B60A0231360704700BF40400020F3
S31501009968C03D00204FF0FF3200F10803C0E9022391
S315010099784360036100230360704700230361704756
S3150100998830B50C68631C0AD103695A684A6091604C
S315010099988B605960036808610133036030BD00F1CB
S315010099A80802134652681568A542FAD9EDE74368D5
S315010099B89A684B608A60516099600368086101334F
S315010099C8036070470369D0E901128A6051605968DA
S315010099D8814208BF5A60002202611868013818607E
S315010099E87047000010B54FF0807440E90224184A08
S315010099F84FF0123440F80C2C4FF003324FF0023C72
S31501009A0840E905244FF0013240F8203C40E9072C93
S31501009A184FF010334FF011324FF0093440E90A3252
S31501009A284FF008334FF0073C40E90C344FF006334A
S31501009A384FF0053240E90E3C4FF0043340E910324D
S31501009A486FF0430340F8443C40F8481D10BD00BF81
S31501009A58ADBA00014FF0E0220423136100234FF44D
S31501009A687A719361044B1B68B3FBF1F3013B5361B4
S31501009A7807231361704700BF545400204FF0E023B9
S31501009A8813B5D3F8084D374BE26A9A4204D04FF41E
S31501009A98C96135480CF0F0D9A26B344B9A4204D00F
S31501009AA840F2496130480CF0E7D900234FF07F4274
S31501009AB801934FF0E023C3F81C2DD3F81C3D2C4A23
S31501009AC81B0E8DF803309DF8033003F03003137035
S31501009AD823B940F2676124480CF0CED99DF80330CA
S31501009AE8DB4313F0300F04D040F26B611E480CF0D3
S31501009AF8C3D99DF8033013F0800F019B29D1082B98
S31501009B080CBF0023019B1B4A18BFC3F107031B02A5
S31501009B1803F4E06313604FF0E0230024D3F8202D0B
S31501009B2842F47F02C3F8202DD3F8202D42F07F425C
S31501009B38C3F8202DC3F81C4DFFF78CFF0E4B1C6094
S31501009B4800F092F801F0F8FA0AF080D8204602B03F
S31501009B5810BD013301939DF803305B00DBB28DF82C
S31501009B680330C6E7691B800057E900010D1B800019
S31501009B78A753002074430020685400204FF0E023C7
S31501009B884FF08052C3F8042DBFF34F8FBFF36F8F89
S31501009B987047000008B500F077F8044A13680133E6
S31501009BA81360BFF34F8FBFF36F8F08BD6854002052
S31501009BB810B5094C236823B940F2D63107480CF091
S31501009BC85BD92368013B2360206818B9BDE81040BA
S31501009BD800F065B810BD00BF6854002057E90001C0
S31501009BE810B500F051F8044601F07AF828B14FF0A3
S31501009BF8E0234FF08052C3F8042D2046BDE81040FB
S31501009C0800F04DB8836913F8023C662B0FD14FF06B
S31501009C18E023D3F8882D42F47002C3F8882DD3F8CF
S31501009C28342F42F04042C3F8342F00F007B840F20F
S31501009C386A4101480CF0209957E90001094A11685F
S31501009C48086806C881F30B88022181F3148820303D
S31501009C5880F30988BFF36F8F4FF0000080F31188F6
S31501009C6810470000C448002006480068006880F3D1
S31501009C78088862B661B6BFF34F8FBFF36F8F66DF91
S31501009C8800BF000008ED00E0EFF311804FF030014E
S31501009C9881F31188BFF34F8FBFF36F8F704780F33E
S31501009CA81188BFF34F8FBFF36F8F7047EFF30980AA
S31501009CB81EF0100F08BF20ED108AEFF30B827346D2
S31501009CC820E9FC0F0F4A116808604FF0300080F355
S31501009CD81188BFF34F8FBFF36F8F01F02DFA4FF045
S31501009CE8000080F31188074A11680868B0E8FC0F7C
S31501009CF813F0100F08BFB0EC108A82F30B8880F3BB
S31501009D0809881847C44800201EF0040F0CBFEFF35A
S31501009D180880EFF30980014908470000651A8000A9
S31501009D2810B5044600F0C8FF20460CF0B7D9044622
S31501009D3801F094F8204610BD10B5044640B100F074
S31501009D48BBFF20460CF0BFDABDE8104001F086B82B
S31501009D5810BD70B50446FFF71DFF94F8455004F190
S31501009D6824066DB2002D14DCFF2384F84530FFF775
S31501009D781FFFFFF70FFF94F8445004F110066DB268
S31501009D88002D12DCFF2384F84430BDE87040FFF74C
S31501009D980FBF636A002BE7D0304601F06BF908B1B3
S31501009DA801F024FA013D6DB2DCE72369002BE9D005
S31501009DB8304601F05FF908B101F018FA013D6DB2BC
S31501009DC8DEE710B50446FFF7E5FEA46BFFF7F0FEE4
S31501009DD8B4FA84F0400910BD70B51646026C044603
S31501009DE8856B42B906689EB9806801F05BFAA66080
S31501009DF80135A56370BD6EB940680CF017DE63685E
S31501009E08226C1344A2686360934224BF236863608B
S31501009E180020EDE7C0680CF009DE226CE3685142C8
S31501009E289B1A2268E36093423EBFA3685B18E3600E
S31501009E38022EEDD10DB1013DEAE72846D8E70346E2
S31501009E481A6C084610B46AB1DC68996814448C42E5
S31501009E5828BF1968DC6028BFD960D9685DF8044B4A
S31501009E680CF0E49D5DF8044B70470000F0B585B031
S31501009E780E461D460446019220B940F273314948FF
S31501009E880BF0FADF36B9236C23B14FF45D714548FF
S31501009E980BF0F2DF022D07D1E36B012B04D040F260
S31501009EA8753140480BF0E8DF01F0A6F930B9019B9E
S31501009EB823B14FF45E713B480BF0DEDFFFF76AFE14
S31501009EC8A26BE36B9A421FD22A4631462046FFF718
S31501009ED883FF636A1BB104F1240001F0CBF808B1D2
S31501009EE8FFF74CFEFFF764FE012005B0F0BDFFF752
S31501009EF851FEA26BE36B9A42E6D30123019A42B95A
S31501009F08FFF756FE0020F0E7022DDDD000231F469D
S31501009F18F4E713B902A801F065FAFFF749FE00F064
S31501009F28CBFEFFF737FE94F84430FF2B08BF84F8C1
S31501009F38447094F84530FF2B08BF84F84570FFF745
S31501009F4837FE01A902A801F059FA20BBFFF722FE44
S31501009F58A26BE36B9A4210D1FFF72AFE019904F12D
S31501009F68100001F03FF82046FFF7F3FE00F076FFF8
S31501009F780028BCD1FFF702FE06E0FFF719FE2046CE
S31501009F88FFF7E7FE00F06AFFFFF704FEA36BE26B3B
S31501009F989A42B2D998E72046FFF7DBFE00F05EFF4A
S31501009FA8B0E700BFD0E9000138B100231A461946C7
S31501009FB883600360C360FFF759BF7047F0B585B08A
S31501009FC80E460446019220B940F23A513C480BF03C
S31501009FD853DF36B9236C23B140F23E5138480BF0B2
S31501009FE84BDF01F009F930B9019B23B140F2435126
S31501009FF833480BF041DFFFF7CDFDA56B9DB1314627
S3150100A0082046FFF71CFF2369013DA56333B104F11F
S3150100A018100001F02FF808B1FFF7B0FDFFF7C8FDF2
S3150100A028012005B0F0BD019BABB302A801F0DAF936
S3150100A0382F46FFF7BDFD00F03FFEFFF7ABFD94F895
S3150100A0484430FF2B08BF84F8447094F84530FF2B41
S3150100A05808BF84F84570FFF7ABFD01A902A801F016
S3150100A068CDF910BB2046FFF7ACFEC0B1019904F14A
S3150100A078240000F0B7FF2046FFF76BFE00F0EEFE66
S3150100A08808B9FFF77BFDFFF785FDA56B002DB6D156
S3150100A098019B002BCDD1FFF78BFD0020C1E72046A0
S3150100A0A8FFF757FE00F0DAFEEDE72046FFF751FE0F
S3150100A0B800F0D4FE2046FFF784FE0028E3D0ECE743
S3150100A0C8D0E90001F8B50E46044620B940F2B2417E
S3150100A0D822480BF0D1DE236C23B140F2B6411F486A
S3150100A0E80BF0CADE236833B9A36823B140F2BB413A
S3150100A0F81A480BF0C1DE09F0C1DDFFF7C5FDA36BF8
S3150100A108E26B07469A4226D994F845200133FF2A7D
S3150100A11855B2A3630FD1636A3BB104F1240000F081
S3150100A128A9FF10B10EB10123336001243846FFF7A8
S3150100A138B6FD2046F8BD00F0CDFD8542F5D27F2D4E
S3150100A14804D140F21E5105480BF096DE01356DB279
S3150100A15884F84550E9E70024E8E700BFD0E90001A3
S3150100A1682DE9F84389469046044620B940F2F6613E
S3150100A17821480BF081DEB9F1000F06D1236C23B11A
S3150100A18840F2F7611C480BF077DE09F077DDFFF73F
S3150100A1987BFDA66B0746C6B194F84450494620464E
S3150100A1A86DB2FFF74CFE013E6B1CA66313D1236902
S3150100A1B853B104F1100000F05DFF28B1B8F1000FAA
S3150100A1C802D00123C8F8003001263846FFF767FD9B
S3150100A1D83046BDE8F88300F07DFD8542F4D27F2D37
S3150100A1E804D14FF4E66104480BF046DE01356DB241
S3150100A1F884F84450E8E700BFD0E90001F0B585B01E
S3150100A2080446019120B94FF4B76147480BF034DE93
S3150100A218236C23B140F2BC5143480BF02DDE00F00C
S3150100A228EBFF30B9019B23B140F2C1513E480BF017
S3150100A23823DE00252E462F46FFF7ACFCA36BA3B100
S3150100A248013BA363236813B901F0C2F8A06023692F
S3150100A25833B104F1100000F00DFF08B1FFF78EFCD1
S3150100A268FFF7A6FC012005B0F0BD019B1BB9FFF75E
S3150100A2789FFC0020F7E716B902A801F0B3F8FFF72B
S3150100A28897FC00F019FDFFF785FC94F84430FF2B85
S3150100A29808BF84F8447094F84530FF2B08BF84F84A
S3150100A2A84570FFF785FC01A902A801F0A7F810BBC4
S3150100A2B82046FFF786FDC0B123683BB9FFF76AFC64
S3150100A2C8A06800F0A9FF0546FFF772FC019904F1A1
S3150100A2D8240000F087FE2046FFF73BFD00F0BEFD97
S3150100A2E808B9FFF74BFC0126A6E72046FFF731FD23
S3150100A2F800F0B4FDF7E72046FFF72BFD00F0AEFDB1
S3150100A3082046FFF75EFD0028EDD0002DB1D0FFF7FE
S3150100A31841FC616A19B1236B1968C1F13801A0685A
S3150100A32801F006F8A3E700BFD0E9000110B504461D
S3150100A33820B940F2932107480BF09EDDFFF72AFC6E
S3150100A348236823B9A468FFF733FC204610BD00240F
S3150100A358F9E700BFD0E9000110B5044620B94FF46A
S3150100A3682D7104480BF088DD23680BB9A06810BD70
S3150100A3780020FCE7D0E9000170B50D46044620B976
S3150100A38840F206310B480BF077DDA66800F028FF8E
S3150100A398864204D10120E3680133E36070BD294692
S3150100A3A82046FFF72BFF0028F8D0E3680133E36066
S3150100A3B8F4E700BFD0E9000138B5044620B94FF4E7
S3150100A3C834710B480BF058DDA56800F009FF85428A
S3150100A3D80BD1E368013BE3600BB1012038BD1A4696
S3150100A3E819462046FFF742FDF7E70020F6E700BFCA
S3150100A3F8D0E9000170B50D46044620B940F6322170
S3150100A4080E480BF039DDBDB100230D4A1946104639
S3150100A4185668A64204D100EBC103C3E900540BE018
S3150100A4281BB91668002E08BF134601310A2902F125
S3150100A4380802EDD1002BF0D170BD00BFD0E90001B3
S3150100A4487843002010B5044620B940F67B210A4816
S3150100A4580BF012DD0023094A52F83310D800A14245
S3150100A46806D10021064A42F833100244516010BD54
S3150100A47801330A2BF0D1FAE7D0E900017C43002029
S3150100A4887843002010B5044620B940F2BB7107484D
S3150100A4980BF0F2DC2046FFF7D5FF94F8463023B9D6
S3150100A4A82046BDE81040FFF747BC10BDD0E90001C2
S3150100A4B870B504460D461646FFF76CFB94F8443012
S3150100A4C8FF2B04BF002384F8443094F84530FF2B52
S3150100A4D804BF002384F84530FFF76AFBA36B2BB949
S3150100A4E83246294604F1240000F096FD2046BDE8CF
S3150100A4F87040FFF72EBC000070B50E46044640B109
S3150100A508C56B65B91D4840F25B110BF0B5DC00203F
S3150100A51829E04FF4997119480BF0AEDCF2E7036CA8
S3150100A528A3FB0535002DEDD1FFF734FBD4E90F3137
S3150100A5384B432268A563D0185B1A62601A44FF234D
S3150100A548A06084F84430E26084F8453066B923692E
S3150100A55833B104F1100000F08DFD08B1FFF70EFBD1
S3150100A568FFF726FB012070BD04F11000FFF7FAF989
S3150100A57804F12400FFF7F6F9F2E700BFD0E900017C
S3150100A5882DE9F0410D461746064600B3A1FB0038F2
S3150100A598B8F1000F1BD1484310F1510F17D85030AD
S3150100A5A8FFF7BEFB0446B8B180F846806DB100F1ED
S3150100A5B8500301212046C4E90F652360FFF79CFF7C
S3150100A5C884F84C702046BDE8F0810346F1E740F275
S3150100A5D80B2102480BF050DC0024F3E7D0E9000117
S3150100A5E8024610B500210120FFF7CAFF0446FFF70E
S3150100A5F8DBFC204610BD000010B50C4640B1884270
S3150100A60806D302220021FFF7BBFF30B1846310BDD8
S3150100A6184FF4577102480BF02FDC0020F7E700BF13
S3150100A628D0E90001F7B507460D4616461C463BB16B
S3150100A63860B91E484FF4CE710BF01EDC002026E0EF
S3150100A64840F2731119480BF017DCF2E742B1002901
S3150100A658EFD050230193019B502B20D1019B08E099
S3150100A6680029E6D150230193019B502B11D126468F
S3150100A678019B01212046C4E90F7584F8461026601E
S3150100A688FFF73AFF20469DF8203084F84C3003B096
S3150100A698F0BD4FF4C27105480BF0EEDBE7E74FF466
S3150100A6A8C27102480BF0E8DBD8E700BFD0E9000128
S3150100A6B8002213B50B46009011460120FFF7B2FFA1
S3150100A6C80446FFF771FC204602B010BD13B51346C8
S3150100A6D80C4658B1884209D302220092002211463B
S3150100A6E8FFF7A0FF38B1846302B010BD40F23B31D9
S3150100A6F802480BF0C1DB0020F6E700BFD0E90001F4
S3150100A70800222DE9F84306461E4B1F4C1D681F4BB8
S3150100A7180F46D3F800801E4BD3F8009023682068B3
S3150100A72883F856200430FFF74DF9731C14D19FB1F5
S3150100A738184B21685A688A6090682168C860216840
S3150100A74804314160216804319160226853611A68B5
S3150100A75801321A60BDE8F88323682168AD195D6086
S3150100A76801F1040104D34846BDE8F843FFF708B9E7
S3150100A7784046FFF705F9084B1A68AA4288BF1D60CB
S3150100A788E8E700BFEC430020C44800203844002015
S3150100A79834440020F4430020D0430020064A1368BD
S3150100A7A81968064B19B94FF0FF321A6070471268DB
S3150100A7B8D2681268F9E700BF38440020D043002068
S3150100A7C810B590F8553004463BB9006BFFF7B4FA5B
S3150100A7D82046BDE81040FFF7AFBA012BF9D0022B8E
S3150100A7E806D0BDE8104041F2167102480BF0449BB1
S3150100A7F810BD00BF25EA0001F8B50C4C0C4F0D4DF4
S3150100A808236803B9F8BDFFF7C5F9FB68DE68301D93
S3150100A818FFF7D8F82B68013B2B602368013B2360BF
S3150100A828FFF7C6F93046FFF7CBFFE9E708440020F2
S3150100A8380C440020F04300202DE9F0410446FFF7BF
S3150100A848A9F9304B304E1A68304F01321A60356813
S3150100A858002D4AD134601B68012B1FD1B8464046EA
S3150100A8680135FFF77FF8382D08F11408F7D1DFF81D
S3150100A878C480274D4046FFF775F82846FFF772F85A
S3150100A8882448FFF76FF82448FFF76CF82348FFF7C9
S3150100A89869F8234BC3F80080224B1D60224A201D0C
S3150100A8A8136801331360214A23641168E36A8B42F2
S3150100A8B888BF136014225343F9184A689568A26041
S3150100A8C8E56068609060FA5861610132FA50FFF7F5
S3150100A8D86FF9174B1B689BB13368DA6AE36A9A42C8
S3150100A8E80ED2BDE8F041FFF749B9114B1A68E36A80
S3150100A8F8002AD3D13268D26A9A4298BF3460CDE72A
S3150100A908BDE8F081F0430020C448002064440020DB
S3150100A9183C440020204400200C440020F44300203D
S3150100A9283844002034440020D4430020E843002062
S3150100A938E44300205044002008B5044CFFF75CFFAF
S3150100A9482368012BFAD9FFF719F9F7E764440020C0
S3150100A9582DE9F0470E46DDE9085A0A9C97003A4662
S3150100A9688046A521206B9946FEF764FD236B043FBB
S3150100A9781F4427F007076EB1731E04F13302093627
S3150100A98813F8011F02F8011F09B1B342F8D10023D8
S3150100A99884F83D30372D05D940F2FB610F480BF09D
S3150100A9A86BDA3725E562A564201DFEF7E6FFC5F1DA
S3150100A9B8380504F11800FEF7E0FF4B4642463846D3
S3150100A9C8216B2461A5616462FFF70CF82060BAF176
S3150100A9D8000F01D0CAF80040BDE8F08725EA00015A
S3150100A9E82DE9F043074685B09000884616469946F4
S3150100A9F8FFF796F90546F0B15820FFF791F9044695
S3150100AA08B0B158220021FEF715FD0D9B2563019370
S3150100AA180C9B324641463846009302944B46FFF753
S3150100AA2897FF2046FFF708FF012005B0BDE8F08330
S3150100AA382846FFF781F94FF0FF30F6E72DE9F04395
S3150100AA489846002387B00546DDE90F940E4617465A
S3150100AA580493B9F1000F22D074B358230593059BCB
S3150100AA68582B2FD1582200212046059BFEF7E2FCE0
S3150100AA78022384F8553004ABC4F8309001930E9B39
S3150100AA88284600933A46434631460294FFF760FF4B
S3150100AA982046FFF7D1FE049807B0BDE8F08340F2DF
S3150100AAA8BE410E480BF0E8D934B158230593059BEE
S3150100AAB8582B0DD1059BEEE740F2BF4107480BF035
S3150100AAC8DBD9F2E740F2C74104480BF0D5D9C9E70B
S3150100AAD840F2C74101480BF0CFD9EBE725EA00015F
S3150100AAE8F8B50446204DFFF755F804B92C68271D1B
S3150100AAF83846FEF767FFA36A1BB104F11800FEF793
S3150100AB0861FF1A4A1A4E1368013313602B68A34270
S3150100AB18336800D15BB9174A1368013B1360FFF725
S3150100AB283DFEFFF745F82046FFF74AFE09E039469C
S3150100AB381148FEF73CFF114A136801331360FFF70A
S3150100AB4837F8336873B12B68A3420BD10C4B1B68DA
S3150100AB5823B140F679010B480BF08ED9BDE8F840D0
S3150100AB68FFF70CB8F8BD00BFC4480020D443002045
S3150100AB78E4430020F04300200C4400200844002050
S3150100AB88C843002025EA00012DE9F041044620B911
S3150100AB9840F60E111A480BF06FD91A4B1B68A342DF
S3150100ABA826D0FEF7F7FF184BD4F828801F68174BF5
S3150100ABB865691E68FEF7FCFF154B98451AD0BD421C
S3150100ABC81AD0B54218D0134B9D4209D1A36A9BB935
S3150100ABD894F85430012B14BF03200220BDE8F081FC
S3150100ABE80D4B9D420AD0002D14BF01200420F5E724
S3150100ABF80020F3E70120F1E70220EFE70420EDE763
S3150100AC0825EA0001C44800203844002034440020C5
S3150100AC1820440020F44300200C44002030B58BB0BA
S3150100AC2807AB1D461C4A12F8014B03F8014B002CD1
S3150100AC38F9D106AA05A904A8CDE90444FEF77AFEC6
S3150100AC48049B29460293059B069ACDE900431348BE
S3150100AC582346FFF7F3FE124B186080B100F072FD30
S3150100AC68012805460FD1FFF70FF84FF0FF320D4BBC
S3150100AC781A600D4B1D600D4B1C60FEF7FFFE0C4B59
S3150100AC881B680BB030BD0135F9D140F66B51094847
S3150100AC980BF0F2D8F3E700BF7AEA000199278000A2
S3150100ACA8CC430020D0430020E4430020EC4300209D
S3150100ACB86C54002025EA0001024A13680133136027
S3150100ACC8704700BFC8430020014B1868704700BF92
S3150100ACD8EC430020014B1868704700BFF043002081
S3150100ACE82DE9F84F514B1B68002B40F09980504BCA
S3150100ACF81C6801341C609CB94E4D2B681B6823B136
S3150100AD0841F2D3014C480BF0B7D84C4B2A68196865
S3150100AD1829601A604A4A136801331360FFF73EFD3A
S3150100AD28484D00202B68484AA342DFF828B10FD9BD
S3150100AD381421DBF80030DB6A4B43D358022B434B13
S3150100AD4828BF01201B68002B18BF0120BDE8F88F1A
S3150100AD580746DFF804C1374B1B681B681BB94FF060
S3150100AD68FF332B60E4E7334B1B68DB68DB68596804
S3150100AD788C4201D22960DBE7D3F81480D3E90219A2
S3150100AD88C1F80890C9F80410D8F8041003F1040EA4
S3150100AD987145D8F8001008BFC8F8049001395F61F9
S3150100ADA8C8F80010D3F82880B8F1000F13D0D3E9FA
S3150100ADB80719C1F80890C9F80410D8F8041003F166
S3150100ADC8180A5145D8F8001008BFC8F80490013987
S3150100ADD89F62C8F800101426D96ADCF8008041453C
S3150100ADE806FB01F802EB080ADAF8049088BFCCF8EA
S3150100ADF80010D9F80860C3F80890DE60C6F804E0C8
S3150100AE08C9F808E0C3F814A052F80830013342F82B
S3150100AE180830DBF80030DB6A994288BF01209AE7DF
S3150100AE280B4A00201368013313608FE7C8430020DB
S3150100AE38EC4300203844002025EA00013444002070
S3150100AE48D8430020D043002064440020DC4300207E
S3150100AE58E0430020C4480020E84300202DE9F84FCC
S3150100AE68474CFEF797FE236823B940F63D614548EE
S3150100AE780BF002D82368013B236023682BB1002419
S3150100AE88FEF796FE2046BDE8F88F3F4A1268002A6B
S3150100AE98F5D014254FF0010C3C483D4C3D4A3E4E39
S3150100AEA83E4F51E0C368DB68D3F828E0D3E90718B9
S3150100AEB8C1F80880C8F80410DEF8041003F118096F
S3150100AEC849454FF0000108BFCEF804809962DEF8C3
S3150100AED800100139CEF80010D3F814E0D3E90218AE
S3150100AEE8C1F80880C8F80410DEF8041003F1040953
S3150100AEF84945DEF8001008BFCEF804800139CEF8BE
S3150100AF080010D3F82CE0216805FB0EF802EB080ABD
S3150100AF188E45DAF8041088BFC4F800E0D1F808B005
S3150100AF289960C3F80CB0CBF80490C1F8089052F8B0
S3150100AF380810C3F814A0013142F808103168C96A2B
S3150100AF488E4501D9C7F800C001680029AAD10BB1FD
S3150100AF58FFF724FC124D2C6844B101270F4EFFF769
S3150100AF68BFFE00B13760013CF9D12C600B4B1B6861
S3150100AF78002B84D0084B01241B68FEF7FFFD7FE7F1
S3150100AF88C843002025EA0001F043002020440020A0
S3150100AF98E843002064440020C4480020DC43002024
S3150100AFA8E043002010B5044618B9BDE81040FEF785
S3150100AFB8E5BDFFF781FE094B1B68012B04D040F65E
S3150100AFC8E10107480AF058DF00212046FFF798FB00
S3150100AFD8FFF744FF0028E8D010BD00BFC843002092
S3150100AFE825EA000138B50D46044620B941F2B921D2
S3150100AFF807480AF041DF074B204619681831FEF762
S3150100B008BFFC2846BDE838400121FFF779BB00BFE0
S3150100B01825EA0001C448002070B50E4615460446C7
S3150100B02820B941F2F72111480AF026DF104B626870
S3150100B03819689068CA611968002D0862196801F1D2
S3150100B0481801416019681B6801F1180191609C6239
S3150100B0582368294603F1010308BF3046236018BF58
S3150100B0684FF0FF30BDE87040FFF74ABB25EA000103
S3150100B078C4480020F8B5C368DC6824B941F22C310C
S3150100B08826480AF0F9DED4E90712A36A8A605160F4
S3150100B098596804F11800814208BF5A600022A26269
S3150100B0A81A68013A1A601E4BE26A1B68002B29D1FD
S3150100B0B8D4E902016369816048605868251DA84280
S3150100B0C808BF5960196801391960164B19688A420F
S3150100B0D888BF1A60142353431349CE1870688768CA
S3150100B0E8A060E7607D608560C85866610130C85018
S3150100B0F80E4B1B68DB6A9A4285BF01200C4B002068
S3150100B1081860F8BD0B4B59688D68E1612562686066
S3150100B11888601968A36201311960E9E725EA000127
S3150100B128C8430020E843002064440020C4480020A6
S3150100B138DC43002020440020234B2DE9F0411A6806
S3150100B148224B1AB101221A60BDE8F081204E1A601D
S3150100B15833681B6B1A68B2F1A53F0BD15A68B2F175
S3150100B168A53F07D19A68B2F1A53F03D1DB68B3F1D0
S3150100B178A53F04D031683068343108F05FDD154FDA
S3150100B188154D3C68DFF8548014236343E9585A196E
S3150100B19891B15168083349682B44994208BFD3686D
S3150100B1A8516008BF5360142303FB04556B68DB68C1
S3150100B1B833603C603368C7E724B941F23921404618
S3150100B1C80AF05ADE013CDFE7C8430020DC430020D1
S3150100B1D8C4480020E84300206444002025EA000111
S3150100B1E8014B1868704700BFC44800200122014B73
S3150100B1F81A607047DC430020054B1B6833B1054BC9
S3150100B2081868B0FA80F0400940007047012070477D
S3150100B218E4430020C8430020F8B5044600282ED090
S3150100B2281D4DC36A2A68D26A93422DD282691B4E82
S3150100B238002AA1BF2A68D26AC2F1380282611422A1
S3150100B24802FB036342699A421AD1071D3846FEF783
S3150100B258B9FB2B68124ADB6A1168E3628B4288BF25
S3150100B268136014225343F1184A689068A260E0609B
S3150100B27847609760F25861610132F2500120F8BDCA
S3150100B2882B68DB6AC362F9E72B68806CDB6A984234
S3150100B2982CBF00200120F2E7C448002064440020A6
S3150100B2A8E843002070B5044608B9002070BD1C4B60
S3150100B2B81B68834204D041F2F2711A480AF0DCDDB8
S3150100B2C8E36C23B941F2F37116480AF0D5DDE36C54
S3150100B2D8E16AA26C013B9142E364E6D0002BE4D11A
S3150100B2E8251D2846FEF76EFBA36CC3F13802A26141
S3150100B2F80D4AE36211688B424FF0140188BF13604F
S3150100B3084B430A4AD01841688E68A160E6607560A9
S3150100B3188D60D158606101310120D150C6E700BF67
S3150100B328C448002025EA0001E843002064440020BF
S3150100B33870B50D460446002840D0C36C23B941F6C2
S3150100B34843011F480AF098DDA36C9D4238BF1D468C
S3150100B358E36AAB4232D0E36C012B2FD1194B1B6840
S3150100B368A34204D141F6590115480AF085DDA269BF
S3150100B378E36A002A4FF01402E562A4BFC5F1380555
S3150100B388A561114D02FB035362699A4216D1261D26
S3150100B3983046FEF717FB0D4AE36A11688B4288BFF0
S3150100B3A8136014225343E9184A689068A260E06062
S3150100B3B846609660EA5861610132EA5070BD00BF85
S3150100B3C825EA0001C448002064440020E84300201F
S3150100B3D8034B186810B1C36C0133C364704700BFCF
S3150100B3E8C4480020034B1B680360034B1B6843607A
S3150100B3F8704700BFD8430020EC43002070B50D46C6
S3150100B408044620B941F2D43119480AF035DD25B987
S3150100B41841F2D53116480AF02FDDFEF7BBFB154B75
S3150100B42862681968144B186890F8560040B10022F2
S3150100B4381B6883F856200124FEF7BAFB204670BD27
S3150100B4482B68581C12D00D4826680068864204D01D
S3150100B4588A4202D800232B60EDE7881A8342F9D97C
S3150100B4685B1A134420462B60FFF7BCFF0024E3E771
S3150100B47825EA0001EC430020C4480020D8430020F7
S3150100B488914208B5416000610AD8D21A83699A4285
S3150100B4980DD2084B011D1868FEF772FA002008BD87
S3150100B4A89A4201D2994202D2034B011DF3E70120C8
S3150100B4B8F5E700BF244900202849002070B5044655
S3150100B4C80D461646A1692B46324620462944FFF702
S3150100B4D8D7FF00B970BDA36920461D44236A984762
S3150100B4E8F0E700000E4B70B51B680546DB680E4693
S3150100B4F8DC68201DFEF766FA94F828305A0709D544
S3150100B508324629462046FFF7D9FF2046236ABDE879
S3150100B5187040184723F0010384F82830F5E700BF87
S3150100B52828490020F8B50546FFF7CEFB0D4E04461F
S3150100B5383368834209D90C4F3B681A6852B90B4ADA
S3150100B548116813603960012300E0002320462B604F
S3150100B5583460F8BDDB684FF0FF311868FFF7C2FFAA
S3150100B568EAE700BFC84800202849002024490020EE
S3150100B578F7B5114CFEF70EFB2568BDB90F4F104EF6
S3150100B5883846FEF7EFF93046FEF7ECF90D4B102178
S3150100B5981F600D4B0A201E600C4A0D4B0095FFF7E4
S3150100B5A841F8206010B10B49FEF724FF03B0BDE84E
S3150100B5B8F040FEF7FDBA00BF2049002040490020AF
S3150100B5C82C4900202849002024490020A85300209E
S3150100B5D8CC4800207FEA00012DE9F041554F564E2F
S3150100B5E886B03B68D3F80080B8F1000F37D0002445
S3150100B5F8DB68D3F80080FFF75FFB02A8FFF792FF2D
S3150100B608029B0546002B3FD15CBB40452FD3FFF774
S3150100B61825FC29464046FFF765FF1022002102A8AE
S3150100B628FDF708FF0022306802A9FEF7C7FC0028CB
S3150100B638D7D0029B0498002B29DB049C63696BBB5A
S3150100B64801A8FFF76FFF029B0546013B082BE9D8C6
S3150100B658DFE803F028284B526828284B52000124BA
S3150100B668C9E7364B1B681C68B4FA84F46409224698
S3150100B6783068A8EB0501FEF71BFFFFF7EFFB002873
S3150100B688CBD1FEF77BFAC8E7FFF7E8FBC5E7039BD3
S3150100B69805999847029B002BC4DBCEE7201DFEF7D0
S3150100B6A891F9CDE794F82830A16943F0010384F8AC
S3150100B6B82830039B024619442046FFF7E1FE00287D
S3150100B6C8B0D094F8283059070AD5A36903992A46B0
S3150100B6D820461944FFF7F2FE2046236A9847A1E758
S3150100B6E823F0010384F82830F6E794F8283023F08C
S3150100B6F8010384F8283095E794F8283043F00103CC
S3150100B70884F82830039BA36123B940F2C1310C4860
S3150100B7180AF0B2DBA1692B462A4620462944FFF7DF
S3150100B728AFFE7FE794F828309A07E0D42046FEF763
S3150100B73803FB77E7284900202049002024490020F7
S3150100B74884EA000110B588B0FFF712FF114B1B6898
S3150100B758CBB1002407AA06A905A8CDE90544FEF739
S3150100B768F5F8059B079A0293069B0B490193282333
S3150100B7780A4800932346FFF761F9094B186010B18F
S3150100B788012008B010BD074840F23B110AF074DBEE
S3150100B7980020F6E720490020DAEA00013934800062
S30D0100B7A81C49002084EA00019E
S3150100B7B00348044B834202D0034B03B11847704739
S3150100B7C0F0540020F054002000000000064B074909
S3150100B7D0C91A891048BF0131491003D0044B0BB176
S3150100B7E001481847704700BFF0540020F05400206C
S3150100B7F00000000010B5064C237843B9FFF7D8FFC7
S3150100B800044B13B10448AFF300800123237010BD2C
S3150100B810A65300200000000098F4000108B5054B6E
S3150100B8201BB105490548AFF30080BDE80840FFF7A5
S3150100B830CDBF00BF00000000A83D002098F4000124
S3150100B840A3F5803A704700BF174B002B08BF134B77
S3150100B8509D46FFF7F5FF00218B460F461348144A14
S3150100B860121AF5F717DD0E4B002B00D098470D4B3A
S3150100B870002B00D098470020002104000D000D4840
S3150100B880002802D00C48AFF3008002F0EBF920004B
S3150100B890290002F0DDFC02F0D3F900BF0000080028
S3150100B8A00000000000000000083A0020003C0020D3
S3150100B8B054540020000000000000000008B50348B1
S3150100B8C0F4F713DCBDE8084002F0A9BFD4EE00018D
S3150100B8D00148F4F70A9C00BFD4EE00010348044A6C
S3150100B8E00449121A921002F0EAB900BFA8810001B8
S3150100B8F0B0B70001000000204FF000602DE9884834
S3150100B9004249434B434AD3F8943088660221012BBE
S3150100B910414B4FF0000099604FF0005146D8002589
S3150100B920002600275FF000085FF000095FF0000ABB
S3150100B9305FF0000B5FF0000C501A4FF48073B0FB00
S3150100B940F3F404FB03F40C44A14210D2A1E8E01F76
S3150100B950A1E8E01FA1E8E01FA1E8E01FA1E8E01FC0
S3150100B960A1E8E01FA1E8E01FA1E8E01FECE7914292
S3150100B97002D241F8045BFAE70522274B9A604FF0A1
S3150100B9800062A3F540539A66244B83F30A8800F0BC
S3150100B9904FF8FFF7A3FF224B22498B4228D3002001
S3150100B9A0214B22498B422ED3FFF74EFF501A4FF0FF
S3150100B9B02003B0FBF3F404FB03F40C44A14204D2CC
S3150100B9C091E8E01FA1E8E01FF8E7914203D20D6874
S3150100B9D041F8045BF9E7CFE7186850F82240586848
S3150100B9E040F82240013298688242F5D30C33D4E7FD
S3150100B9F00022F8E71C6844F8220001325C68A24282
S3150100BA00F8D30833CEE70022F8E700BF00508040A4
S3150100BA10008000A300000820009080400836002026
S3150100BA20A0F40001ACF40001ACF40001ACF4000197
S3150100BA30044B054A9A60D3F8882042F47002C3F891
S3150100BA408820704700ED00E000800001014B18607E
S3150100BA50704700BF5C540020054B1860054B1B6FF7
S3150100BA6003F00703032B01D1F4F7F49A704700BFE3
S3150100BA70645400200040804050B949B9054B1A6012
S3150100BA80054B1B6F03F00703052B01D1F4F7E29A6F
S3150100BA90704700BF585400200040804040F6B13145
S3150100BAA0014802F019B900BFF8E80001002307B503
S3150100BAB00193084B1B68013304D040F2213106483B
S3150100BAC002F00AF9F6F710D8019B002BFCD003B05F
S3150100BAD05DF804FB6854002057E9000108B5EFF34F
S3150100BAE005830F2B0AD90E4A9B5C0E4A12789A429D
S3150100BAF004D940F2A1710C4802F0EEF84FF0E023B0
S3150100BB000A4AD3F80C3D126803F4E063934206D95E
S3150100BB10BDE8084040F2B171034802F0DDB808BD46
S3150100BB20F0E300E0A753002057E900017443002029
S3150100BB30002307B529480193F4F7D7DA4FF4407388
S3150100BB40012204216846ADF8003000F09DF801227B
S3150100BB50234B0520C3F8442401A9F4F7C1DA0028D0
S3150100BB6039D1204BD3F8F02042F00102C3F8F0207E
S3150100BB70D3F8FC2042F08072C3F8FC201A4AA3F5E0
S3150100BB805D431A60019B194A03F5D52303F2FC4371
S3150100BB90B3FBF2F3164A013B13610223C2F8F030FC
S3150100BBA04FF48073C2F804334FF06043114AC3F86F
S3150100BBB0B02F114AC3F8802ED3F8002E42F48072BA
S3150100BBC0C3F8002EFF2283F82020D3F8002E22F49A
S3150100BBD08072C3F8002E03B05DF804FBD4EE0001B9
S3150100BBE000D0834000ED00E0FF030040F8590D004E
S3150100BBF0000004E055CEACC509000100F8B50446C5
S3150100BC000127124D0CB314F001000BD0002024F0D3
S3150100BC10010405EBC0021668002EF3D05168C0B2CC
S3150100BC20B047EFE72246013020284FEA520201D001
S3150100BC30D307F8D507FA00F20F2824EA0204E8D957
S3150100BC40421E05EBC2021038E5E7F8BD5449002053
S3150100BC5008B50C48F4F749DA2A2000F00BFD28B1A3
S3150100BC602A2000F01FFD2A2000F0EAFC2B2000F01C
S3150100BC7001FD28B12B2000F015FD2B2000F0E0FC82
S3150100BC80002008BDD4EE0001F8B50D46164604465F
S3150100BC9028B91648892102F01FF82220F8BD0F297C
S3150100BCA003D98C21114802F017F82378D3B1013B4F
S3150100BCB0DBB2022B05D80E4AD35C6278D340DB0790
S3150100BCC003D48D21094802F007F8F4F7E9DE0746A7
S3150100BCD032462946204600F027F93846F4F7DBDEDE
S3150100BCE00020DBE740F2FF13E7E700BFE2EA0001CD
S3150100BCF050EB000110B5044628B90F48CF2101F0D9
S3150100BD00EBFF222010BD037893B1013BDBB2022B7E
S3150100BD1005D80A4AD35C6278D340DB0703D4D22123
S3150100BD20054801F0D9FF2046F4F7DCDB0020E9E7FE
S3150100BD3040F2FF13EFE700BFE2EA000150EB00011A
S3150100BD4010B5044628B90F48DF2101F0C5FF2220AE
S3150100BD5010BD037893B1013BDBB2022B05D80A4A29
S3150100BD60D35C6278D340DB0703D4E221054801F0B6
S3150100BD70B3FF204600F074F80020E9E740F2FF1314
S3150100BD80EFE700BFE2EA000150EB000170B50D4696
S3150100BD90044600B131B913484FF4817101F09CFF9B
S3150100BDA0222070BD0378D3B1013BDBB2022B05D84B
S3150100BDB00D4AD35C6278D340DB0704D440F2051107
S3150100BDC0084801F089FFF4F76BDE0646204600F0CD
S3150100BDD073F828703046F4F75EDE0020E1E740F2A2
S3150100BDE0FF13E7E7E2EA000150EB000108B500F0B6
S3150100BDF091F8054B00F0553020F05020C3F820048F
S3150100BE00BDE80840FFF7FABE00E0834008B500F040
S3150100BE1081F8054B00F0AA3020F0A020C3F82004D9
S3150100BE20BDE80840FFF7EABE00E0834013B50446CB
S3150100BE300A48F4F75AD9A2780421B2FA82F2237891
S3150100BE4052098DF8043063780DEB01008DF8053049
S3150100BE50FFF71AFF002002B010BD00BFD4EE0001AB
S3150100BE6010B5044620B94FF40D71104801F034FFA6
S3150100BE702378BBB1013BDBB2022B05D80C4AD35C5C
S3150100BE806278D340DB0704D440F23721074801F03A
S3150100BE9023FF0122637821789A4030235943054BC9
S3150100BEA05A5010BD40F2FF13EAE700BF53EB000101
S3150100BEB035EC000140E0834010B5044620B94FF44B
S3150100BEC01A71124801F008FF2378DBB1013BDBB29E
S3150100BED0022B05D80E4AD35C6278D340DB0704D423
S3150100BEE040F26B21094801F0F7FE302223785343D3
S3150100BEF003F1814303F57033186C6378D84000F081
S3150100BF00010010BD40F2FF13E6E700BF53EB00014D
S3150100BF1035EC0001034BD3F82424D3F82004104058
S3150100BF20704700BF00C083402DE9F0410378044605
S3150100BF300D4616460BB3013BDBB2022B05D82A4A46
S3150100BF40D35C6278D340DB0703D45D21274801F037
S3150100BF50C3FE274BD3F810331BB16021234801F0F0
S3150100BF60BBFE0F2D0CD8DFE805F037323232323204
S3150100BF703232323232323232323240F2FF13E0E7BB
S3150100BF80B4211A4801F0A8FE4FF00008204606B376
S3150100BF90F4F7A8DA0F2167782378072F03EB430319
S3150100BFA088BF083F4FEA0313124895BFBF00BF0081
S3150100BFB004330C3308FA07F2B940184401F0FAFECB
S3150100BFC085B9204656B1BDE8F041F4F78B9AA846EB
S3150100BFD0DCE7FFF745FFDDE7A846DBE7BDE8F04113
S3150100BFE0FFF73EBFBDE8F08135EC0001C4EB00016F
S3150100BFF000C0834030C08340024A536A23F00103E4
S3150100C000536270470040874008B54FF023435B6891
S3150100C010DB0703D4A521054801F05EFEF4F7BADA81
S3150100C0204FF0234302221A6108BD00BF38EC00011C
S3150100C0304FF0234310B55C68012C03D1FFF7E4FFF1
S3150100C040014B5C6010BD00BF002000A3014BD3F87B
S3150100C050100170470080E00F002310B50B4C8CB027
S3150100C060A04214BF30243C2402A80193F4F704DC57
S3150100C07010B100200CB010BD2246112101AB02A85F
S3150100C08001F0F8FC0028F4D10198F3E7005A6202A6
S3150100C090004870470010000038B501250A4C0B48CE
S3150100C0A0F4F723D80B20F4F7C1D904F500535D67E3
S3150100C0B042201D6700F0F6FA04F58054422000F094
S3150100C0C0BFFA0020656738BD00401040C8EE000188
S3150100C0D008B5054B1B6FDB0704D50122034B1A6715
S3150100C0E0AFF3008008BD00BF004010400060104063
S3150100C0F0AF4A73B5136FAF4823F0070343F001034B
S3150100C1001367F3F7F2DF20B140F21F51AA4801F09D
S3150100C110E3FDAA48F4F7B0DB20B140F27A41A64824
S3150100C12001F0DAFDA649A548F4F746DC20B140F254
S3150100C1307E41A14801F0D0FD0020F4F777D9A1484E
S3150100C140F3F7D3DF20B14FF485719B4801F0C4FDAD
S3150100C150974B1B6F03F00703032B04D140F24D11DC
S3150100C160954801F0B9FD45F60E02974B4FF4803123
S3150100C170C3F880204FF08072944E3263944A116363
S3150100C1809A6DD103FCD49A6D5200F9D401F069FE7F
S3150100C190044608B1451C15D10023ADF80630F4F765
S3150100C1A07FDC022205460DF106018A4800F0E8FE11
S3150100C1B004462846F4F76FDC1CB9BDF80640FF2C8F
S3150100C1C000D9E124804DF4F762DC2B6923F07F630B
S3150100C1D023F4EE2343F03C632B61F4F753DCF4F7CD
S3150100C1E056DCFF2C2346A8BFFF2364025B04AA6921
S3150100C1F003F0FF7304F4FF34234302F07E4243F05D
S3150100C2003C031343AB61F4F73DDCF4F740DC2B6AE6
S3150100C21023F007032B62F4F735DC4FF480336E4AC3
S3150100C2203363AB6D32EA0303FBD12B694FF48032E2
S3150100C23023F4700343F440132B614FF00043B361C1
S3150100C240634B66481A634FF080721A633222644B5D
S3150100C2501A80FFF701FC5A4B1A6840F201239A42F1
S3150100C2600DD900225F4B5A710A221A706FF06702CC
S3150100C2705A7006229A7001221A710422DA700B2072
S3150100C280F4F7D4D8FFF7E2FE431E0333044604D97C
S3150100C29040F2AE21484801F01FFD5348F3F725DF70
S3150100C2A020B140F2B221444801F016FD4F48F3F7A0
S3150100C2B01CDF20B140F2B6213F4801F00DFD4C4B89
S3150100C2C05B6823B140F2B7213B4801F005FD4748C1
S3150100C2D0F3F70EDF20B140F2B921374801F0FCFC3B
S3150100C2E0444BDA6812F0060FFBD143489C60FFF716
S3150100C2F0ADFB4248F3F7F9DE20B140F2DE212E48CC
S3150100C30001F0EAFC48F2A6124FF0814302215A627B
S3150100C3103B4A5160012102F5805251609A69D40568
S3150100C320FCD45A6837491140374A0A435A600122F8
S3150100C330334B4FF081415A6040F203128B6932EA66
S3150100C3400303FBD10021314A0846FFF795FB022280
S3150100C3502F4B5A6001225A60F4F7A2DB05462D489D
S3150100C360FFF77AFE04462846F4F795DB631E03338E
S3150100C37004D940F24A31104801F0AEFC2648F3F7E1
S3150100C380B4DE20B14FF454710B4801F0A5FC234BE8
S3150100C39024F4C00422489C60F3F7A7DE20B140F2E2
S3150100C3A06F31054801F098FC02221E4B3CE000BFAC
S3150100C3B000408040B0EE000120EE0001484A002016
S3150100C3C0444A0020C8EE00010040104000501040D1
S3150100C3D000601040001102C00300010000F0490294
S3150100C3E0A4530020DD540020D0EE0001D8EE000158
S3150100C3F000C081400000814080D54302BCEE0001AF
S3150100C40000108040CBE000FC0415C00180D1F0088B
S3150100C41000208040002D3101CCEE000100001040CB
S3150100C420C4EE0001005082405F495A60012203F5C3
S3150100C43080535A608A68D003FCD401225A620222D0
S3150100C4405A4C5A60236F23F0070343F00503236711
S3150100C450236F23F4744343F480632367F3F7FADD10
S3150100C460534BD3F8FC20D20100F18380D4F88030FD
S3150100C47023F0030343F00103C4F88030D4F880307D
S3150100C480C4F88030494B4B48D3F8202122F00702EB
S3150100C49042F00202C3F82021D3F8282122F0070234
S3150100C4A042F00202C3F82821D3F8A82222F007029B
S3150100C4B042F00202C3F8A822D3F8402122F0030277
S3150100C4C042F00102C3F84021D3F8602122F00302B1
S3150100C4D042F00102C3F86021D3F8802122F0030261
S3150100C4E042F00102C3F88021D3F8B02222F4E062BF
S3150100C4F042F48072C3F8B022D3F8B02222F03F0290
S3150100C50042F00902C3F8B022D3F8402222F0030216
S3150100C51042F00102C3F84022D3F8002222F00702BA
S3150100C52042F00102C3F80022D3F8702222F003027E
S3150100C53042F00102C3F87022D3F8202222F007024A
S3150100C54042F00102C3F82022D3F8AC2222F00702FE
S3150100C55042F00102C3F8AC22F3F7C7DDFFF74CFD49
S3150100C5604FF0E0220020136943F00403136102B087
S3150100C57070BDD3F8FC2022F08072C3F8FC20D4F8F9
S3150100C580802022F0030242F00102C4F88020D4F890
S3150100C5908020C4F88020BFF36F8FD3F8FC2042F0CF
S3150100C5A08072C3F8FC206DE7004082400040804065
S3150100C5B000ED00E0B4EE000138B5430605460C4631
S3150100C5C003D0B4210D4801F087FBA400013CB4FA65
S3150100C5D084F44FF0FF33C4F12004A34035EA03038A
S3150100C5E003D0B821054801F077FB72B6044B986871
S3150100C5F09D60BFF34F8F62B638BD00BFE8EE000104
S3150100C60000ED00E05A2810B504460DD801220A496A
S3150100C610630904F01F04A240203341F82320BFF32D
S3150100C6204F8FBFF36F8F10BD4FF49571034801F023
S3150100C63053FB002CF7DBE9E700E100E0E8EE00013F
S3150100C6405A2810B5044608D801236109074A04F09F
S3150100C6501F04A34042F8213010BD40F235110448B1
S3150100C66001F03AFB002CF7DBEEE700BF00E100E04A
S3150100C670E8EE0001592810B5044604D94FF4A0711B
S3150100C680064801F029FB064B621153F8220004F01B
S3150100C6901F04E040C04300F0010010BDE8EE0001B8
S3150100C6A000E100E0002808DB01224309034900F00C
S3150100C6B01F008240603341F82320704700E100E00B
S3150100C6C038B500F110036A2B04460D4604D940F231
S3150100C6D0E5110E4801F000FB0F2D04D94FF4F3715B
S3150100C6E00A4801F0F9FA60B20028ACBF00F16040D7
S3150100C6F0074B4FEA0515EDB2ABBF00F5614000F0FF
S3150100C7000F0080F800531D5438BD00BFE8EE00014C
S3150100C71014ED00E038B5F4F7C3D9154B1C7814BBFA
S3150100C72001221A70F4F7B7D9F4F7B1D9114B0546BE
S3150100C73098682346104AC1580433B3F5D47F42F8AA
S3150100C740041BF8D16A210C48FFF736FF2846F4F797
S3150100C75099D96FF00404204605210134FFF7B0FF93
S3150100C7605A2CF8D138BDBDE83840F4F7949900BF8A
S3150100C7704854002000ED00E0003C002013B50A4CAF
S3150100C780684600F02BF9237863B9DDE9000102223E
S3150100C790064B00F059F90123054A137000B92370BD
S3150100C7A002B010BD1220FBE749540020704A002058
S3150100C7B0E35400202DE9F04F9946531C05460E46D9
S3150100C7C0174687B007D120B940F209317A4801F0FE
S3150100C7D083FA08240CE0531EB3F5007F01D21A42F6
S3150100C7E004D04FF44171744801F076FA85B33C46A2
S3150100C7F04FF00008714BCDF8148083F80080109B30
S3150100C800002B00F0D180C3F80080002E00F0CE800E
S3150100C8106B68B34240F2CA80F4F742D9073605AADB
S3150100C82009F0010926F00706CDE9008282463A465B
S3150100C8304B463146284601F08AFC059F834607B1DF
S3150100C84060B95046F4F727D9192007B0BDE8F08F33
S3150100C85040F20931584801F03FFAC8E7B7F80280BB
S3150100C86029694FEAC802C0EBC8080139B8F1270F98
S3150100C87029617ED9B9F1000F55D1864206F1080822
S3150100C8804CD022463946284601F0F1FA0446059075
S3150100C890059B9844404601F056FC059906F10F00A8
S3150100C8A04A88C308A2EBD002A8F80220CA88A8F8D1
S3150100C8B00430002A34D0D31A9BB201EBC202A8F885
S3150100C8C0063093808B88F608A380B8F804303A4680
S3150100C8D0E380414600232846668001F083FCAB686D
S3150100C8E0EA6808339342AB6088BFEB60237843F074
S3150100C8F0010323702B6901332B616288AB685046B3
S3150100C90003EBC203EA68AB60934288BFEB60F4F7BE
S3150100C910C2D8109B083400201C6096E73C46B7E756
S3150100C920A8F80620CEE707EB08042046039201F09B
S3150100C9300AFC0BF10703DB080599638008F107037D
S3150100C940DB08A380CB8893B1DB00039AD81D821A3A
S3150100C9505A44C2F3CF020B44E2809A80A38808F1BD
S3150100C960FF384FEAD808A1F80280CB80B7E7E38009
S3150100C970F4E7B9F1000F1BD007F10803B3FBF4F29A
S3150100C98004FB1233B3B122463946284601F06FFA49
S3150100C990044623783A4643F00103237021460123D6
S3150100C9A0284601F01FFCA8E722204EE721204CE78C
S3150100C9B08642E8D13C46ECE779EF0001E3540020DA
S3150100C9C007B5009313460A4601460348FFF7F2FEF0
S3150100C9D003B05DF804FB00BF704A00200249034A18
S3150100C9E00160521A42607047F0540020000008208E
S3150100C9F038B503690D4614460BB33AB999B90468BB
S3150100CA0024B940F23B110F4801F066F92378D907A2
S3150100CA1007D555B9E38893B104EBC3042378DA0744
S3150100CA20F8D4204638BD8469EAE7012D07D1A388E9
S3150100CA302BB1A4EBC3042378DB07F8D4F1E7002478
S3150100CA40EFE700BFFCEF0001F8B50D4617461C469F
S3150100CA50064618B111B1082A00D823B94FF4C67198
S3150100CA600F4801F039F900233046C4E90065C4E9ED
S3150100CA70023323616362C4E90566277701F063FB2C
S3150100CA802369013DED08013375802361A368E268DE
S3150100CA90083393424FF00000A36088BFE360F8BDFE
S3150100CAA0FCEF000108B501F0E5FE034B1868BDE88F
S3150100CAB00840F4F7E89C00BF984A002030B50B4DBA
S3150100CAC08BB001AC0FCD0FC40FCD0FC42B68002165
S3150100CAD0074801AA2360F4F781DC064B186018B9F0
S3150100CAE05821054801F0F8F80BB030BD00F10001FE
S3150100CAF0A5CA0001984A002087F0000170B5F3F736
S3150100CB00CFDF144E05463478FCB9134B1C60134B2A
S3150100CB101C60134B1C6000F02BF80120F4F71AD9A6
S3150100CB20F4F70CD90F4B0246186020B92846F3F7E3
S3150100CB30B2DF232070BD234640F2E7310A48F4F7FD
S3150100CB4019DA0A4B1860012333702846F3F7A3DF7D
S3150100CB500020EFE74C540020A44A0020A04A002000
S3150100CB60AC4A0020A84A002018FCFFFF9C4A00207E
S3150100CB7010B5002486B01422214601A88DF8004084
S3150100CB80F4F788DB012313488DF80430F3F7ADDAA7
S3150100CB90BFF34F8F684601F033F9204601A98DF89E
S3150100CBA0044001F03DF920460F21F3F71BDD0F216B
S3150100CBB02046F3F725DD01F018F9F3F7EBDC4FF02A
S3150100CBC023430F209C61FFF76DFD0F20FFF738FD12
S3150100CBD006B010BDB0EE000110B500F033F800F05C
S3150100CBE0E5F9044618B100F04BF8204610BD054B97
S3150100CBF01B68984704460028F5D10122024B1A709A
S3150100CC00F1E700BF40F200014D54002030B50A4D56
S3150100CC1085B02B686BB96C46084B0FCB84E80F00C7
S3150100CC202046F4F74ADC286018B95821044801F077
S3150100CC3053F805B030BD00BFB04A002030F2000104
S3150100CC409FF1000110B5F4F765DB022812D10A4CF9
S3150100CC5023680BB9FFF7DAFF4FF0FF312068F4F7CD
S3150100CC6069DC831D06D028B1BDE810407321034855
S3150100CC7001F032B810BD00BFB04A00209FF100019B
S3150100CC8008B5F4F747DB02280CD1074B1868F4F70F
S3150100CC9076DC831D06D028B1BDE808408D21034806
S3150100CCA001F01AB808BD00BFB04A00209FF100018B
S3150100CCB0014B1B68184700BF50F20001014B9B68EE
S3150100CCC0184700BF50F2000108220C4B10B55A66F6
S3150100CCD041F22104012203F5EE235A609C604FF6CE
S3150100CCE0FF7401441C61DA60884202D1586A80B23D
S3150100CCF010BD10F8012B1A62F6E700BF0050804004
S3150100CD002DE9F04F0D461746994606468FB0002885
S3150100CD1000F0A380002900F0A080002A00F09D8089
S3150100CD20002B00F09A80D0F808B0BBF1000F2DD08F
S3150100CD304FF6FF739B4529D00168994226D0D5F855
S3150100CD400080484A904507D1082304351FFA81FA25
S3150100CD50BD4207D32D2459E0434B98457FD100238B
S3150100CD600435F3E7284606A9059301F0B4FA04460B
S3150100CD7000284BD1BDF81E00BDF81C105045059B7F
S3150100CD80384A63D173685B44994201D221243DE05C
S3150100CD90904505F1080A4CD10846CDE908440A94A4
S3150100CDA001F0ACF80746002841D00DF12C08042209
S3150100CDB041465046FFF782FF9AFA8AF30C93079B86
S3150100CDC0BDF81CE01BBA0D930EF103039B0801335A
S3150100CDD05AF8233098E807000B9301230DF1200C34
S3150100CDE08CE80700CDE900E7DFF880E0CDE90283B2
S3150100CDF0082205F10C036046DEF80C5006A9A84787
S3150100CE00054638B1384601F08EF92C4620460FB05A
S3150100CE10BDE8F08FBA46D6E901124846514401F001
S3150100CE2035FD002FF2D0384601F07DF9EEE71925E0
S3150100CE30EBE70D4B984501D00027ECE75046FFF78D
S3150100CE4043FFBDF81A308342A0D1F5E7033121F043
S3150100CE500301083119440D447AE72224D6E7112447
S3150100CE60D4E700BF4354535350544D4440F200019C
S3150100CE7008B500F04BF9102250B9064B0321C3E95E
S3150100CE8000224FF00072C3E90221F6221A6108BDA1
S3150100CE901046FCE7B44A00202DE9F04792B01F4640
S3150100CEA0DDE91A899DF874300446012B0D461646B4
S3150100CEB0DDF870A026D128B301B91ABB17B9B8F1AC
S3150100CEC0000F1FD1B9F1000F1CD0BAF1000F19D014
S3150100CED008A8F3F7D1DC0423CDE905930C2300223E
S3150100CEE0CDE90043CDE9036743460749CDF81CA0C8
S3150100CEF0029508A800F0CEF9002818BF722012B0DA
S3150100CF00BDE8F0872120FAE7B44A00202DE9F04771
S3150100CF1092B01F46DDE91A899DF874300446012B4B
S3150100CF200D461646DDF870A025D120B301B912BB16
S3150100CF3017B9B8F1000F1ED1B9F1000F1BD0BAF124
S3150100CF40000F18D008A8F3F797DC0423CDE9049362
S3150100CF500C2342460093CDE9026723460749CDF8E3
S3150100CF6018A0019508A800F00FFB002818BF47205C
S3150100CF7012B0BDE8F0872120FAE700BFB44A0020CD
S3150100CF80094B70B515461A7804464AB901F052FAAA
S3150100CF90022807D12B462046BDE8704000F010B8A4
S3150100CFA00E2070BD2120FCE74D54002002480349A4
S3150100CFB0091AFFF77DBE00BF00F0380100103901E4
S3150100CFC0F0B504460F4616461D4687B0002B40D0E5
S3150100CFD000293ED001F02EFA4BF23462A3B29342FD
S3150100CFE02BD14FF0FF33CDE901332F4B2F48CDE93C
S3150100CFF00336059501F011FA044638B92C4A01ABFE
S3150100D000A2F1FC0103A8FFF77BFE04460822294989
S3150100D01001A801F048FC38B92B46324641F2F0101E
S3150100D02001A9FFF7CDFF044624B92A46384601A9CE
S3150100D03001F02CFC204607B0F0BD41F2F0129342FC
S3150100D04013D11D4BA9190829D3F81821D3F81C317E
S3150100D05001D92124EEE7CDE9032303AB2A4638465D
S3150100D060991901F013FC0024E4E7022811D10F48B5
S3150100D070CDE90346059501F0D0F904460028D9D13A
S3150100D0803B460B4AA2F1FC0103A8FFF739FE044611
S3150100D090D0E7032806D13B46CDE90346074A0849AE
S3150100D0A00595F1E70124C5E7021008C0D44A00201E
S3150100D0B0D04B002064F200010080E00F001039011E
S3150100D0C000F0380138B500F021F80446B0B9502314
S3150100D0D00C4DE818AD65EB65F4F7EFD9286678B124
S3150100D0E00222094B21469A8001221C600132202A24
S3150100D0F099601973597303F10803F7D1204638BDB6
S3150100D1000124FBE7D04B0020344C0020274B2DE9AE
S3150100D110F0411B68F4F7FED80128074620D9F4F739
S3150100D12025D9051E03DA01242046BDE8F081204BEE
S3150100D1301B78002B38D14FF050081E4C04EB080029
S3150100D140A465C4F85C80F4F7B8D9206680B90124D7
S3150100D150012FE9D92846F4F71FD90028E4DAE2E7D6
S3150100D160134B1B7803F0FF05002BE4D00024DBE70B
S3150100D1700024114E214606F1100332460120346087
S3150100D1807460B360C6F80C80F4F747DA306600289D
S3150100D190DDD003210120FFF793FA0120FFF750FAB2
S3150100D1A00122034B1A70D3E70024D3E77054002001
S3150100D1B04F540020984D0020344D002008B5F4F757
S3150100D1C0A9D8012805D9F4F7D1D8002821DA0120F8
S3150100D1D008BD174B1B7803F0FF00002BF8D0F3F7BF
S3150100D1E0CBDA0028F4D10120FFF75CFA0120FFF722
S3150100D1F009FA104B186EF4F7B7DA90B90E4B186EA0
S3150100D200F4F7F3D9003818BF01200022084B1A7031
S3150100D210DEE7074B1B7833B1F4F7BED80028DEDA18
S3150100D220D5E70120F1E7F4F7B7D8C00FD0E700BF83
S3150100D2304F540020344D0020984D002008B54FF082
S3150100D24085435B6CDA020ED5F4F764D802380128FF
S3150100D25009D80D4B186EF4F75FDA20B14FF4BC71A3
S3150100D2600A4800F039FD4FF08542536CDB02FCD5CC
S3150100D270536D1268064A03F4702313600120BDE85A
S3150100D2800840FFF70FBA00BF344D00206CF20001D1
S3150100D290705400202DE9F04FCDB00D46DDE9599BC4
S3150100D2A017461E460446DDF86C81002800F05F81B2
S3150100D2B0002900F05C81569B002B00F058815D9B94
S3150100D2C0002B00F05481B9F1000F03D0589B002BBD
S3150100D2D000F04D813EB1BBF1000F00F04881B8F17D
S3150100D2E0000F00F044815C9B043B0C2B00F23F8154
S3150100D2F0579B0C2B40F03B812B68103B102B00F207
S3150100D30036819C4A22FA03F3D90740F13081012F75
S3150100D31040F097805C9A984B284643EA02232360A3
S3150100D320002348A9C4E90133236201F000F98246CA
S3150100D330002840F0128120464899F3F763DB4946FD
S3150100D3402046F3F75FDB31462046F3F75BDB6946A0
S3150100D350284600F055FB8246002840F0FE806946CB
S3150100D360204601F02FFA284603A901F001FA824668
S3150100D370002840F0F280204603A901F023FA569BCB
S3150100D3802AAA2A937D4B2B972C9306AB07CA83E8CF
S3150100D39007001946204601F015FA589B2DAA2D9330
S3150100D3A049F000532E972F9309AB07CA83E807006C
S3150100D3B01946204601F006FACDF8C0B046F0005BEA
S3150100D3C031970CABCDF8C8B030AA07CA83E807007D
S3150100D3D01946204601F0F6F95D9B33AA33935C9B0F
S3150100D3E0349743F0005335930FAB07CA83E8070020
S3150100D3F01946204601F0E6F9CDF8D88012AB3797E9
S3150100D40036AACDF8E0B007CA83E80700B8F1000FE5
S3150100D41003D1149A42F08042149219462046F3F73A
S3150100D42027DB2046F3F7C6D98246002800F099800B
S3150100D4302C2800F09680324600214046F3F72ADF79
S3150100D4408BE04746D84600234D4A0DF5907B594659
S3150100D4502846C4E90023A360236201F068F88246E6
S3150100D46000287AD120464899F3F7CCDA4946204676
S3150100D470F3F7C8DA31462046F3F7C4DA284615A988
S3150100D48000F0BEFA8246002867D1204615A901F0B0
S3150100D49099F9284618A901F06BF9824600285CD152
S3150100D4A00125204618A901F08DF9569B39AA399311
S3150100D4B0324B3A953B931BAB07CA83E807001946E3
S3150100D4C0204601F07FF9589B3CAA3C9349F0005352
S3150100D4D03D953E931EAB07CA83E8070019462046D1
S3150100D4E001F070F9CDF8FC8046F00058409521AB6B
S3150100D4F0CDF804813FAA07CA83E8070019462046EA
S3150100D50001F060F9429724AB439542AACDF8108108
S3150100D51007CA83E807001FB9269A42F0804226927D
S3150100D52019462046F3F7A4DA0123CDF814B1469340
S3150100D530144B45AA479327AB07CA83E80700194648
S3150100D5402046F3F795DA2046F3F734D9824650B9E7
S3150100D55059465C9A5D9801F099F950464DB0BDE87F
S3150100D560F08F00276FE732460021384666E74FF015
S3150100D570210AF2E701010100000003040C0000206A
S3150100D58000000204100000202DE9F04FA7B00D465F
S3150100D590DDE9349716469B460446DDF8C880002827
S3150100D5A000F0C280002900F0BF80002B00F0BC8093
S3150100D5B0369B002B00F0B880B8F1000F03D0319BE9
S3150100D5C0002B00F0B1803EB1339B002B00F0AC8004
S3150100D5D0B9F1000F00F0A8803B1F0C2B00F2A480CC
S3150100D5E0309B0C2B40F0A0802B68103B102B00F2D7
S3150100D5F09B804E4A22FA03F3DB0740F195804C4BA0
S3150100D6000DF18C0A43EA0723236000235146C4E93E
S3150100D61001332362284600F08AFF034600287FD1A2
S3150100D62020462399F3F7EED941462046F3F7EAD986
S3150100D63031462046F3F7E6D9284602A900F0E0F97B
S3150100D640034600286CD1204602A901F0BBF8284602
S3150100D65005A901F08DF80346002861D10125204670
S3150100D66005A901F0AFF8334BCDF85CB017AA1895B0
S3150100D670199308AB07CA83E807001946204601F04B
S3150100D680A1F8319B1AAA1A9348F000531B951C93D3
S3150100D6900BAB07CA83E807001946204601F092F84A
S3150100D6A0339B46F000581D931DAA1E950EABCDF86F
S3150100D6B07C8007CA83E807001946204601F082F8F4
S3150100D6C0369B47F00057209320AA219511AB22974C
S3150100D6D007CA83E807001946204601F073F8CDF81A
S3150100D6E08C9014AB2495CDF894809AE8070083E8D2
S3150100D6F00700B9F1000F03D1169A42F08042169243
S3150100D70019462046F3F7B4D92046F3F753D8034612
S3150100D71030B10190324600214846F3F7BBDD019B4B
S3150100D720184627B0BDE8F08F2123F9E70101010072
S3150100D730000003040C0000202DE9F0474FF000081B
S3150100D7408EB00E4617460446CDF80480002865D0F3
S3150100D75022B9002528460EB0BDE8F08700295DD024
S3150100D76032F0030902F0030A25D04FF0E063C0E965
S3150100D770003801230891099349F000530A9308AA36
S3150100D78002ABC0F80880C0F8208007CA83E807000A
S3150100D79019462046F3F76CD949462046F3F732D9A4
S3150100D7A02046F3F707D8054628B14A464146304692
S3150100D7B0F3F770DDCEE7BAF1000FCAD04FF00008DB
S3150100D7C04FF0E063C4E9003801AB0B9301230C93DE
S3150100D7D0134B0EAA0D9305AB12E90700C4F8088096
S3150100D7E083E80700C4F8208019462046F3F740D99C
S3150100D7F004212046F3F706D92046F2F7DBDF05467A
S3150100D80008B13A46D2E7019A4E44EB00013522FAB5
S3150100D81003F3AA4506F8013BF7D19AE7212599E7D3
S3150100D820040000202DE9F0410C46154606468AB053
S3150100D830002844D0002942D05A1E072A3FD8072D76
S3150100D8403DD85F19082F3AD800231F4A8360C0E9E3
S3150100D8500023036201230DF11808CDF80C8004930F
S3150100D8601A4B03AA05936B4607CA83E8070030469D
S3150100D8701946F3F7FDD83046F2F79CDF10B9214679
S3150100D880AF4202D80AB0BDE8F08138F815200D6024
S3150100D89002F44053B3F5405F13D093044CBF022307
S3150100D8A0C2F300330B72C2F30B03DB034B60C2F30B
S3150100D8B08033D20B4B728A7201350C31E0E721209D
S3150100D8C0E0E70220DEE700BF000053FF1000002062
S3150100D8D0F0B516460546A7B0002857D0002955D001
S3150100D8E0002A53D000230127294C2A4A0891C0E96E
S3150100D8F00023099783600A94036208AA02AB07CA48
S3150100D90083E807000B960BAA0C970D9405AC07CA82
S3150100D91084E8070019462846F3F7AAD8214628467F
S3150100D920F3F7A6D82846F2F745DF044640BB019037
S3150100D93001A92846F3F740D8044608BB40F2022362
S3150100D940019A9A421CD8014660220EA8F3F7A2DC7E
S3150100D9500823224628460EA9FFF764FFA0B908222C
S3150100D9600EAB197A0C33022904BF53F8081C00EBDD
S3150100D970D100013AF5D13368834204D31B1A3360CF
S3150100D980204627B0F0BD02200446F9E72124F7E737
S3150100D99004000020000064FF70B50E461C460546D3
S3150100D9A086B040B323B332B313F0030323D1134933
S3150100D9B08360C0E90013036201230392049344F0D8
S3150100D9C0005305936B4606AA12E9070083E8070090
S3150100D9D01946284600F0F6FE31462846F3F712D8D6
S3150100D9E021462846F3F70ED82846F2F74FDF0446BC
S3150100D9F0204606B070BD2124FAE700BF000063FF90
S3150100DA0090B189B101234B60C368013B012B08D852
S3150100DA108269064B1AB10A6000208B607047044A7E
S3150100DA20F9E74FF00053F7E721207047080000207F
S3150100DA30FCF200011FB50446A8B1A1B1FC2A12D11E
S3150100DA40012301910293094B094A0393002301A97A
S3150100DA50C0E9002383600362F3F70AD82046F2F790
S3150100DA60A9DE04B010BD2120FBE700BFFC000020A9
S3150100DA700000FD437FB515460446D8B1D3B112F077
S3150100DA80030219D1019301230C4E029346EA0121A7
S3150100DA900B4BC0E900128260026201A90393F2F7FF
S3150100DAA0E7DF20462946F2F7ADDF2046F2F782DEB0
S3150100DAB004B070BD2220FBE72120F9E702003043C4
S3150100DAC0040000202DE9F0413C4F3B781BB33C4854
S3150100DAD0F2F70BDB18B171213A4800F0FDF83A482C
S3150100DAE0F2F703DB18B17221364800F0F5F800F0C1
S3150100DAF073FE3348F2F7FCDA18B17421314800F0AD
S3150100DB00EBF83148F2F7F4DA18B175212D4800F037
S3150100DB10E3F8002018E0F3F7FDDB0128064615D9E6
S3150100DB20F3F724DC051E47DB3B78002B3DD14FF094
S3150100DB305008264C04EB0800A465C4F85C80F3F792
S3150100DB40BCDC206640B90120BDE8F0813B7803F0DA
S3150100DB50FF05002BBBD1EAE71D4C04F15000C4E9D7
S3150100DB601648F3F7AADC20660028ECD004F164031A
S3150100DB7004F1B400C4E92F38F3F79FDCC4F8C400FC
S3150100DB800028E0D00021134C012004F110032246A5
S3150100DB90C4E90011C4E90238F3F73FDD2066002825
S3150100DBA0D1D001239E423B7091D92846F3F7F4DB8D
S3150100DBB000288CDA0220C7E70D20C5E75054002063
S3150100DBC0B8EE00019CF30001C0EE0001644E002096
S3150100DBD0C84E0020004E0020014800F09FB800BF4B
S3150100DBE02CF4000110B5044CC820F5F70BD92046DA
S3150100DBF000F097F8F8E700BF2CF400011FB50B4BB6
S3150100DC00A02202930A4B0B49019301230A48009370
S3150100DC100023F4F743DE30B95521084805B05DF815
S3150100DC2004EB00F059B805B05DF804FB904F0020F5
S3150100DC30E84F002044F40001E5DB00014FF4000148
S3150100DC4008B5064B044613B10021AFF30080044B1F
S3150100DC501B6803B19847204600F03FF8000000001A
S3150100DC60A053002070B50D4D00260D4C641BA41069
S3150100DC70A64209D10B4D00260B4C00F031FE641B68
S3150100DC80A410A64205D170BD55F8043B013698474C
S3150100DC90EEE755F8043B01369847F2E7E8540020D1
S3150100DCA0E8540020E8540020EC540020014B186889
S3150100DCB0704700BF8C5400200F207047FEE70023F9
S3150100DCC09A4200D1704710B550F8234041F82340DD
S3150100DCD001339A42F8D110BDFEE7FEE708B50820E8
S3150100DCE000F005F8BDE80840082000F00BB84FF039
S3150100DCF060420123D2F8001E83400B430020C2F884
S3150100DD00003E70474FF060410122D1F8003E82404B
S3150100DD1023EA02030020C1F8003E7047D0E9000360
S3150100DD20184703690068184707B503788DF804306A
S3150100DD3043788DF80530837801A823B9FEF700F8FA
S3150100DD4003B05DF804FBFDF7D5FFF9E707B50378E6
S3150100DD508DF8043043788DF80530837801A823B90E
S3150100DD60FDF7C8FF03B05DF804FBFDF7E9FFF9E72E
S3150100DD7007B503788DF80430437801A88DF805308E
S3150100DD80F2F78ADB03B05DF804FB13B504460378AA
S3150100DD900DF103018DF80430437801A88DF80530A3
S3150100DDA0FDF7F4FFA3789DF803000BB980F001009D
S3150100DDB002B010BD70B5054614460E46F2F767DE91
S3150100DDC02B685C4034405C402C60BDE87040F2F743
S3150100DDD0599E4FF023439A689107FCD45A689207DB
S3150100DDE0F9D4DA69002AF6D1704708B5FFF7F1FFD1
S3150100DDF04FF02343012203F580514A601A6108BDA1
S3150100DE0038B54FF02345FFF7E4FF6B680446012B55
S3150100DE1003D1FEF70DF9FFF7DCFF2378EB6038BD80
S3150100DE2038B505460C46F2F7BFDBC5B962682378FB
S3150100DE3012B1127843EAC203627843EA4203A26846
S3150100DE4012B1127843EA8213E27843EA8203226925
S3150100DE5012B1127843EA42234FF02342936538BD4B
S3150100DE60704700207047FEF717B9FEF741B9F8B5BC
S3150100DE700C468D18073552421540A5F1080706468E
S3150100DE80384600F060F9A0883B1B618800EBE3008F
S3150100DE9080B2A1EBE30125F8040C25F8061CA18844
S3150100DEA0DA10D1B1A4EBC101B1F802C0C88002EB0E
S3150100DEB00C004880E188B9B18A1A92B204EBC1011B
S3150100DEC025F8022C8A80A2888AB9B2681344F268BE
S3150100DED0B360934288BFF3600EE015F8081C41F069
S3150100DEE0020105F8081CE5E725F8021CEBE7A4EB9F
S3150100DEF0C2042278D207E8D43846F8BD07B5002215
S3150100DF004FF0FF3101AB0192FEF75AFD21280FD0E8
S3150100DF10222805D0192807D1FFF7C8FE0C2302E0F5
S3150100DF20FFF7C4FE8D230360019803B05DF804FB7F
S3150100DF30FFF7BCFE1623F6E72DE9F04F0C4685B038
S3150100DF40002900F0EA800846F2F79EDB0546D0E993
S3150100DF500568F2F7A5DD14F808EC34F806CC1EF0D6
S3150100DF60010F019002D0BCF1000F06D10198F2F722
S3150100DF7092DD012005B0BDE8F08FA968D5F810B093
S3150100DF8034F8049CA1EBCC010BF10103A4F10807C1
S3150100DF900CF10102A9602B61B9F1000F43D04FEAE0
S3150100DFA0C9030293A7EBC903D888B3F802A003906B
S3150100DFB018780EF0020EC00725D4BEF1000F25D148
S3150100DFC00398A0EB0A0EBEF1010F2CD10CF102024F
S3150100DFD008395244C5F810B0A96034F802ECBEF114
S3150100DFE0000F22D114F8081C24F806EC6EF3000188
S3150100DFF004F8081C013A5A801A786EF300021A7066
S3150100E0000022DA8045E0BEF1000F0CD002984A44A6
S3150100E010091AA96014F8081C6FF3410104F8081CD9
S3150100E02000219980D9E73B46D7E707EBCE0AD5E928
S3150100E030001001EB0009CA450ED314F8081C013A79
S3150100E0406FF3000104F8081C002124F8061C5A800D
S3150100E0501A7861F30002D2E717F83E70514617F0BD
S3150100E06001072FD014F8087C013A6FF3000704F872
S3150100E070087C002792B224F8067C5A801A7867F346
S3150100E08000021A70C3F107020A44C2F3CF02DA8012
S3150100E0908A80002E3FD0B3423DD37288002A08BF42
S3150100E0A01E46B8F1000F06D0434504D8B8F8022041
S3150100E0B0002A18BF43460198C5E90563F2F7EBDC70
S3150100E0C0002057E7AEEB0C0EBEF1010FCAD1BAF82C
S3150100E0D002C0AAF802709444BAF80620CAB10AEB43
S3150100E0E0C20100272A69013A2A61AA68083AAA6088
S3150100E0F014F8082C24F8067C6FF3000204F8082CA7
S3150100E1001A78A3F802C067F300021A700029B9D180
S3150100E11076E71146E5E71E46C3E722202AE70146D0
S3150100E1200020FFF709BF08B5FFF7F9FF012806D060
S3150100E130222803D1FFF7BAFD0E23036008BDFFF7BE
S3150100E140B5FD1623F9E70023036043607047F0B578
S3150100E150D0E90540551C08BF0822002B4FF00005E9
S3150100E16018BF0446DDF818C0CCF80050002C37D093
S3150100E1709DF814706588FF0007EBC505C2F1000E16
S3150100E1802078C00708D51BBBE088A0B104EBC0040A
S3150100E190658807EBC505F3E78D42F4D363B904F14E
S3150100E1A00806B6FBF2F002FB106670180EB1A84223
S3150100E1B0EAD8CCF80040F0BD082A0FD060880130BB
S3150100E1C004EBC000461A06EA0E06801B8542F0D211
S3150100E1D0A0880028EFD0A4EBC004D9E70846E8E7F9
S3150100E1E02046E8E72DE9F041D0E90545074688468E
S3150100E1F01646F3B194420FD042B1954215D142462B
S3150100E20001213846FEF7F4FB05460EE00A46314683
S3150100E210FEF7EEFB0446F2E70A460021FEF7E8FBAD
S3150100E220B5420446EBD0002EE9D0C7E90545BDE865
S3150100E230F081944208D08C4228BF0C46B54205D0E5
S3150100E240454538BF4546F0E70C46F7E74546ECE756
S3150100E25008B500F016F800F03AF8FEE77047704787
S3150100E2607047704708B500F0DFFA00F0E9FA00F0F0
S3150100E270F2FAFFF7F5FF00F0FBFABDE8084000F0FF
S3150100E280F8BA08B5FEF77AFAFFF7EAFDFFF7E6FFF7
S3150100E290FEF740FAFFF7E9FDFEF730FCFFF7DFFF77
S3150100E2A0F3F722D800F007F800F0C7FABDE80840F6
S3150100E2B0FEF704BC704708B500F0B2FA00F0B1FAF7
S3150100E2C000F0B0FA00F0AFFAFFF7F4FF08BD00F076
S3150100E2D0B5BA00207047C0B1D0E90023013216D08B
S3150100E2E0013314D044F6563302889A4211D14FF6BF
S3150100E2F0FF7382889A420CD0C2889A4209D0036879
S3150100E3000B60436800204B607047222070472D2028
S3150100E31070472120704730B50D4604468BB06846DC
S3150100E320F2F7AADA2A4621466846FFF705FA0028D7
S3150100E33018BF74200BB030BD70B58AB004460D46C7
S3150100E340282200216846F2F7A5DFFDF7A1FEB4FBFE
S3150100E350F0F300FB1343B5FBF0F62BB100FB1650AF
S3150100E36010B13E200AB070BD6846F2F785DA324632
S3150100E37021466846F2F796DA0028F3D1034603E010
S3150100E380E2580132EDD104339D42F9D8EAE7F0B5FE
S3150100E3900E46174605468BB06846F2F76DDA3B46E0
S3150100E3A0324629466846FFF7F7FA044638B93A462F
S3150100E3B03146284600F077FA002818BF3C2420464B
S3150100E3C00BB0F0BD08B50B460146184600F05EFAE3
S3150100E3D0002008BDFEF7F2BE30B58DB004460D46ED
S3150100E3E0FEF794FEB8B902A8F2F746DA694601AA21
S3150100E3F002A8FFF76DFA50B9009B9C4209D3019A16
S3150100E4002C4413449C4288BF21200DB030BD02200C
S3150100E410FBE72120F9E71120F7E710B504468AB09A
S3150100E4206846F2F729DAFC2221466846FFF702FB25
S3150100E4300AB010BDB0F1006F0FD300F07843B3F10D
S3150100E440006F0CD000F06040B0F1404F09D0B0F140
S3150100E450604F14BF0420032070470020704701203D
S3150100E46070470220704708B9212070470029FBD068
S3150100E470036813F0704209D1C3F309030B601BB99A
S3150100E4804368002BF0D00B6000207047B2F1004FBB
S3150100E49007D18268D2040ED5C369002BE4D01B686C
S3150100E4A0ECE7B2F1204FF4D0B2F1304FF1D0B2F136
S3150100E4B0404FEED0D8E703F07F03DFE737B50C46D0
S3150100E4C0054610B9212003B030BD0029FAD000233A
S3150100E4D001A90193FFF7C7FF0028F4D1296811F0BC
S3150100E4E0704102D1019B2360EDE7AA68B1F1004FAB
S3150100E4F0C2F38033C2F34035C2F3003207D106219D
S3150100E50003EB450301FB0233019A5343EBE7B1F1F8
S3150100E510204F04D12B4402EB82021344F4E7B1F1FC
S3150100E520304F02D0B1F1404FCCD12B44ECE7F7B5D7
S3150100E5300C460546002832D0002930D000230B6056
S3150100E540036803F070430B60C268042A27D8DFE82A
S3150100E55002F0060329292C0043F000632360EB68CF
S3150100E560042B25D16A7C032A19D8236823F040732A
S3150100E57043EA026323602A7C1F2A10D823F47C0312
S3150100E58043EA82432360AA7C072A08D823F460332E
S3150100E59043EAC2332360AB6813F0407F32D02120B7
S3150100E5A003B0F0BD43F08063D8E743F04063D5E79D
S3150100E5B0AA68960102F040716DD5B1F1407F6DD028
S3150100E5C0002BECD04FF00072236823F04073134305
S3150100E5D02360EA68022A07D12A69032ADFD823F4CD
S3150100E5E07F0343EA02432360EB68032B03D12B69C4
S3150100E5F0F52BD4D9A370AB68180442BF236843F442
S3150100E60000432360EB68032B09D023682A6823F4AF
S3150100E610FF4323F07F03C2F30E02134323602B68EB
S3150100E620AE68002B06F4805745DB16F4E84FB6D1E9
S3150100E6302B6806F4806603F0704303F10043B3F1DF
S3150100E640804F04D21EB1236843F4806323602A6895
S3150100E650AB68002A48DA13F4407FA0D1002328468C
S3150100E66001A90193FFF7FFFE002899D12B6813F04A
S3150100E670704146D12368019A23F47F7323F0030383
S3150100E680C2F3090213432360002F89D0EB69002BE3
S3150100E69085D00F2084E7B1F1407F05D1002B3FF4EF
S3150100E6A07EAF4FF040728FE702F08072002B8BD164
S3150100E6B0002A89D073E7710406F400520DD4002AAA
S3150100E6C03FF46DAF236843F400532360002FAFD0AE
S3150100E6D0236843F480532360AAE7236843F4804305
S3150100E6E02360002AF2D0EDE79A0542BF226842F480
S3150100E6F080622260DB0542BF236843F40063236026
S3150100E700ACE703F05043B3F1004F06D0B1F1304FFF
S3150100E71003D0B1F1404F7FF442AF019B2268013B28
S3150100E72003F07F0322F07F0213432360002F3FF49F
S3150100E73037AFEA69002A3FF432AFB1F1004FA8D1F1
S3150100E740117F71B1002E3FF42BAF43F400732360A8
S3150100E750537F002B3FF424AF236843F48073236077
S3150100E7601EE7537F002B3FF41BAF002EF4D117E7B2
S3150100E77073B50C46054608B921201AE00029FBD0DD
S3150100E7800123C6684B609E4217D8002301A9019355
S3150100E790FFF794FE68B9019B06B11C336A699A4278
S3150100E7A009D32A69002AE7D0226043F000530020EA
S3150100E7B0A36002B070BD1D20FBE7023E022EDBD82E
S3150100E7C00023F4E7436813B9416070475B685A68F0
S3150100E7D0012AFBD15960704738B500252846F2F762
S3150100E7E0A1DB0446B8B14FF48061F2F7B5DB90B115
S3150100E7F000221C212046F2F7B6DB4FF0FF32302112
S3150100E8002046F2F7B0DB013534221C212046F2F70F
S3150100E810AADB402DE2D1002038BDFFF7EFB97047E2
S3150100E820704770477047704708B5FDF751F8FFF715
S3150100E8301AFBBDE80840FDF741B87047F2F77A9D2B
S3150100E84008B5FDF775F9FDF703FAFFF7C5F9BDE858
S3150100E8500840FFF743BA08B5FFF72EFAFEF756FC54
S3150100E860FFF730F9FEF72EFCBDE80840FEF7B4B914
S3150100E8707047704708B5FFF7F5FCFFF7CEFFFFF7C6
S3150100E88028FD00B908BDFFF7ECFCF8E70A44431E72
S3150100E890914200D1704710B511F8014B914203F82E
S3150100E8A0014FF9D110BD0139024410B5904201D191
S3150100E8B0002005E0037811F8014FA34201D0181B8F
S3150100E8C010BD0130F2E7000000000000000000006A
S3150100E8D00000000000000000000000000000000031
S3150100E8E0F8B500BFF8BC08BC9E467047F8B500BF36
S3150100E8F0F8BC08BC9E4670472F686F6D652F74750E
S3150100E90079612F2E73696C6162732F736C742F6931
S3150100E9106E7374616C6C732F636F6E616E2F702FE3
S3150100E92073696D706C393635653139626165636558
S3150100E93032332F702F6672656572746F732F636D34
S3150100E9407369732F536F757263652F636D73697383
S3150100E9505F6F73322E63002F686F6D652F74757943
S3150100E960612F2E73696C6162732F736C742F696EDC
S3150100E9707374616C6C732F636F6E616E2F702F737E
S3150100E980696D706C39363565313962616563653239
S3150100E990332F702F6672656572746F732F6B657294
S3150100E9A06E656C2F706F727461626C652F4743439D
S3150100E9B02F41524D5F434D33335F4E545A2F6E6F85
S3150100E9C06E5F7365637572652F706F72742E630067
S3150100E9D02F686F6D652F747579612F2E73696C6160
S3150100E9E062732F736C742F696E7374616C6C732F01
S3150100E9F0636F6E616E2F702F73696D706C3936356A
S3150100EA00653139626165636532332F702F667265D0
S3150100EA106572746F732F6B65726E656C2F71756598
S3150100EA2075652E63002F686F6D652F747579612F7B
S3150100EA302E73696C6162732F736C742F696E7374B4
S3150100EA40616C6C732F636F6E616E2F702F73696DBE
S3150100EA50706C393635653139626165636532332FDC
S3150100EA60702F6672656572746F732F6B65726E6552
S3150100EA706C2F7461736B732E630049444C450054CB
S3150100EA806D7251002F686F6D652F747579612F2E28
S3150100EA9073696C6162732F736C742F696E73746121
S3150100EAA06C6C732F636F6E616E2F702F73696D704F
S3150100EAB06C393635653139626165636532332F707C
S3150100EAC02F6672656572746F732F6B65726E656CF6
S3150100EAD02F74696D6572732E6300546D72205376BF
S3150100EAE063002F686F6D652F747579612F2E7369B9
S3150100EAF06C6162732F736C742F696E7374616C6CC5
S3150100EB00732F636F6E616E2F702F73696D706C3921
S3150100EB103635653139626165636532332F702F7021
S3150100EB206C6174666F726D5F636F72652F706C6175
S3150100EB3074666F726D2F6472697665722F6770697C
S3150100EB406F2F7372632F736C5F6770696F2E63002B
S3150100EB500FFF7F2F686F6D652F747579612F2E7387
S3150100EB60696C6162732F736C742F696E7374616C57
S3150100EB706C732F636F6E616E2F702F73696D706C7E
S3150100EB80393635653139626165636532332F702FE8
S3150100EB90706C6174666F726D5F636F72652F706CF6
S3150100EBA06174666F726D2F706572697068657261E6
S3150100EBB06C2F696E632F736C5F68616C5F67706938
S3150100EBC06F2E68002F686F6D652F747579612F2E12
S3150100EBD073696C6162732F736C742F696E737461E0
S3150100EBE06C6C732F636F6E616E2F702F73696D700E
S3150100EBF06C393635653139626165636532332F703B
S3150100EC002F706C6174666F726D5F636F72652F70C2
S3150100EC106C6174666F726D2F70657269706865726A
S3150100EC20616C2F7372632F736C5F68616C5F6770C1
S3150100EC30696F2E63000FFF7F2F686F6D652F7475E7
S3150100EC4079612F2E73696C6162732F736C742F69EE
S3150100EC506E7374616C6C732F636F6E616E2F702FA0
S3150100EC6073696D706C393635653139626165636515
S3150100EC7032332F702F706C6174666F726D5F636FC4
S3150100EC8072652F706C6174666F726D2F7065726933
S3150100EC9070686572616C2F696E632F736C5F686152
S3150100ECA06C5F7379737274632E68002F686F6D657C
S3150100ECB02F747579612F2E73696C6162732F736C72
S3150100ECC0742F696E7374616C6C732F636F6E616EF2
S3150100ECD02F702F73696D706C393635653139626104
S3150100ECE065636532332F702F706C6174666F726D58
S3150100ECF05F636F72652F706C6174666F726D2F70D2
S3150100ED0065726970686572616C2F7372632F736CBB
S3150100ED105F68616C5F7379737274635F7375627335
S3150100ED20797374656D2E63002F686F6D652F747529
S3150100ED3079612F2E73696C6162732F736C742F69FD
S3150100ED406E7374616C6C732F636F6E616E2F702FAF
S3150100ED5073696D706C393635653139626165636524
S3150100ED6032332F702F706C6174666F726D5F636FD3
S3150100ED7072652F706C6174666F726D2F7065726942
S3150100ED8070686572616C2F696E632F736C5F686161
S3150100ED906C5F6275732E68002F686F6D652F7475D1
S3150100EDA079612F2E73696C6162732F736C742F698D
S3150100EDB06E7374616C6C732F636F6E616E2F702F3F
S3150100EDC073696D706C3936356531396261656365B4
S3150100EDD032332F702F706C6174666F726D5F636F63
S3150100EDE072652F706C6174666F726D2F73657276C2
S3150100EDF06963652F636C6F636B5F6D616E616765D8
S3150100EE00722F7372632F736C5F636C6F636B5F6DCD
S3150100EE10616E616765725F68616C5F73332E630053
S3150100EE202F686F6D652F747579612F2E73696C610B
S3150100EE3062732F736C742F696E7374616C6C732FAC
S3150100EE40636F6E616E2F702F73696D706C39363515
S3150100EE50653139626165636532332F702F706C617C
S3150100EE6074666F726D5F636F72652F706C61746625
S3150100EE706F726D2F736572766963652F636C6F634D
S3150100EE806B5F6D616E616765722F7372632F736C51
S3150100EE905F636C6F636B5F6D616E616765725F69FE
S3150100EEA06E69745F68616C5F73332E6300000000E6
S3150100EEB0C0000000100000005F00000043000000D9
S3150100EEC002000000160000001400000013000000FC
S3150100EED0120000001A00000011000000000000A34B
S3150100EEE013000000B0EE00012F686F6D652F747579
S3150100EEF079612F2E73696C6162732F736C742F693C
S3150100EF006E7374616C6C732F636F6E616E2F702FED
S3150100EF1073696D706C393635653139626165636562
S3150100EF2032332F702F706C6174666F726D5F636F11
S3150100EF3072652F706C6174666F726D2F7365727670
S3150100EF406963652F696E746572727570745F6D6140
S3150100EF506E616765722F7372632F736C5F696E746E
S3150100EF606572727570745F6D616E616765725F63FC
S3150100EF706F727465786D2E63002F686F6D652F74DF
S3150100EF807579612F2E73696C6162732F736C742F9F
S3150100EF90696E7374616C6C732F636F6E616E2F7023
S3150100EFA02F73696D706C3936356531396261656308
S3150100EFB06532332F702F706C6174666F726D5F638B
S3150100EFC06F72652F706C6174666F726D2F736572E7
S3150100EFD0766963652F6D656D6F72795F6D616E61BF
S3150100EFE06765722F7372632F736C5F6D656D6F72D8
S3150100EFF0795F6D616E616765722E63002F686F6D53
S3150100F000652F747579612F2E73696C6162732F7325
S3150100F0106C742F696E7374616C6C732F636F6E61A0
S3150100F0206E2F702F73696D706C39363565313962A3
S3150100F0306165636532332F702F706C6174666F7210
S3150100F0406D5F636F72652F706C6174666F726D2F81
S3150100F050736572766963652F6D656D6F72795F6D24
S3150100F060616E616765722F7372632F736C695F6D71
S3150100F070656D6F72795F6D616E616765725F636FF2
S3150100F0806D6D6F6E2E63002F686F6D652F747579C8
S3150100F090612F2E73696C6162732F736C742F696EA5
S3150100F0A07374616C6C732F636F6E616E2F702F7347
S3150100F0B0696D706C39363565313962616563653202
S3150100F0C0332F702F706C6174666F726D5F636F7230
S3150100F0D0652F706C6174666F726D2F7365727669D8
S3150100F0E063652F736C5F6D61696E2F7372632F7326
S3150100F0F06C5F6D61696E5F6B65726E656C2E630028
S3150100F1007EEA00010000000000000000000000008F
S3150100F11000000000001000003700000000000000A1
S3150100F120000000002F686F6D652F747579612F2EB1
S3150100F13073696C6162732F736C742F696E7374617A
S3150100F1406C6C732F636F6E616E2F702F73696D70A8
S3150100F1506C393635653139626165636532332F70D5
S3150100F1602F706C6174666F726D5F636F72652F705D
S3150100F1706C6174666F726D2F736572766963652F44
S3150100F180736C65657074696D65722F7372632F7325
S3150100F1906C5F736C65657074696D65722E63002FA3
S3150100F1A0686F6D652F747579612F2E73696C616255
S3150100F1B0732F736C742F696E7374616C6C732F6328
S3150100F1C06F6E616E2F702F73696D706C3936356590
S3150100F1D03139626165636532332F702F706C6174EA
S3150100F1E0666F726D5F636F72652F706C6174666FA7
S3150100F1F0726D2F736572766963652F746F6B656EB9
S3150100F2005F6D616E616765722F7372632F736C5FD9
S3150100F210746F6B656E5F6D616E616765725F6C6F52
S3150100F220636B2E630043544D204D75746578000061
S3150100F23025F20001030000000000000000000000AC
S3150100F24071CE000117E3000199CE00010DCF000137
S3150100F250D9E30001D5E30001C5E300018FE3000115
S3150100F26039E30001FFFFFFFFFFFFFFFF2F686F6D0F
S3150100F270652F747579612F2E73696C6162732F73B3
S3150100F2806C742F696E7374616C6C732F636F6E612E
S3150100F2906E2F702F73696D706C3936356531396231
S3150100F2A06165636532332F702F7365637572697497
S3150100F2B0795F73655F6D616E616765722F706C61F1
S3150100F2C074666F726D2F73656375726974792F73C6
S3150100F2D06C5F636F6D706F6E656E742F73655F6DB6
S3150100F2E0616E616765722F7372632F736C5F7365ED
S3150100F2F05F6D616E616765722E630000000000003C
S3150100F300000000002F686F6D652F747579612F2ECF
S3150100F31073696C6162732F736C742F696E73746198
S3150100F3206C6C732F636F6E616E2F702F73696D70C6
S3150100F3306C393635653139626165636532332F70F3
S3150100F3402F73656375726974795F73655F6D616E3D
S3150100F350616765722F706C6174666F726D2F73656C
S3150100F3606375726974792F736C5F636F6D706F6EFD
S3150100F370656E742F73655F6D616E616765722F735C
S3150100F38072632F736C695F73655F6D616E6167652B
S3150100F390725F6D61696C626F782E63002F686F6DA5
S3150100F3A0652F747579612F2E73696C6162732F7382
S3150100F3B06C742F696E7374616C6C732F636F6E61FD
S3150100F3C06E2F702F73696D706C3936356531396200
S3150100F3D06165636532332F702F7365637572697466
S3150100F3E0795F737873796D63727970742F73726351
S3150100F3F02F706C6174666F726D2F73696C69636FC0
S3150100F4006E5F6C6162732F736C695F737873796D6C
S3150100F41063727970745F656E67696E655F6D616E43
S3150100F4206167656D656E742E63000000E55400200A
S3150100F4302DBE000129DD00014DDD000171DD000158
S3150100F4408BDD0001626C696E6B207461736B002F3A
S3150100F450686F6D652F747579612F53696D706C696D
S3150100F4606369747953747564696F2F4D473330310D
S3150100F4705F426F6172642F626C696E6B5F6B65725E
S3150100F4806E656C5F6672656572746F735F73332F39
S30D0100F490626C696E6B2E6300CC
S30D0100F4980C1B7F7F010000003F
S3110100F4A0ACF400015454002027000000C9
S3150100F4AC80D5430280D1F00880D54302008000004C
S3150100F4BC00F04902AAAAAAAA37000000000005001A
S3150100F4CC00000000000000410000000001000000E7
S3150100F4DC0040004100000000905400200000000094
S3150100F4EC68520020D0520020385300200000000042
S3150100F4FC00000000000000000000000000000000F9
S3150100F50C00000000000000000000000000000000E8
S3150100F51C00000000000000000000000000000000D8
S3150100F52C00000000000000000C00000000000201B9
S3110100F53C010303011DB80001F5B7000131
S7050100B8F948
